timestamp_day,shop_cohort,count,num_cohort_shops,daily_engagement
2018-11-05,2018-11-05 00:00:00,187,6824,2.7403282532239155
2018-11-06,2018-11-05 00:00:00,1649,6824,24.164712778429074
2018-11-07,2018-11-05 00:00:00,1627,6824,23.84232121922626
2018-11-08,2018-11-05 00:00:00,1695,6824,24.838804220398593
2018-11-09,2018-11-05 00:00:00,1525,6824,22.34759671746776
2018-11-10,2018-11-05 00:00:00,866,6824,12.690504103165297
2018-11-11,2018-11-05 00:00:00,958,6824,14.038686987104338
2018-11-12,2018-11-05 00:00:00,572,6824,8.382180539273154
2018-11-13,2018-11-05 00:00:00,589,6824,8.631301289566236
2018-11-14,2018-11-05 00:00:00,557,6824,8.162368112543962
2018-11-15,2018-11-05 00:00:00,527,6824,7.722743259085581
2018-11-16,2018-11-05 00:00:00,478,6824,7.004689331770223
2018-11-17,2018-11-05 00:00:00,262,6824,3.839390386869871
2018-11-18,2018-11-05 00:00:00,264,6824,3.8686987104337636
2018-11-19,2018-11-05 00:00:00,517,6824,7.5762016412661195
2018-11-20,2018-11-05 00:00:00,546,6824,8.001172332942556
2018-11-21,2018-11-05 00:00:00,491,6824,7.195193434935522
2018-11-22,2018-11-05 00:00:00,443,6824,6.49179366940211
2018-11-23,2018-11-05 00:00:00,523,6824,7.664126611957796
2018-11-24,2018-11-05 00:00:00,383,6824,5.612543962485346
2018-11-25,2018-11-05 00:00:00,345,6824,5.055685814771395
2018-11-26,2018-11-05 00:00:00,537,6824,7.869284876905041
2018-11-27,2018-11-05 00:00:00,229,6824,3.3558030480656504
2018-11-28,2018-11-05 00:00:00,429,6824,6.286635404454866
2018-11-29,2018-11-05 00:00:00,462,6824,6.770222743259086
2018-11-30,2018-11-05 00:00:00,402,6824,5.890973036342322
2018-12-01,2018-11-05 00:00:00,218,6824,3.1946072684642437
2018-12-02,2018-11-05 00:00:00,228,6824,3.3411488862837047
2018-12-03,2018-11-05 00:00:00,430,6824,6.301289566236812
2018-12-04,2018-11-05 00:00:00,404,6824,5.920281359906213
2018-12-05,2018-11-05 00:00:00,394,6824,5.773739742086752
2018-12-06,2018-11-05 00:00:00,359,6824,5.26084407971864
2018-12-07,2018-11-05 00:00:00,362,6824,5.304806565064479
2018-12-08,2018-11-05 00:00:00,197,6824,2.886869871043376
2018-12-09,2018-11-05 00:00:00,166,6824,2.432590855803048
2018-12-10,2018-11-05 00:00:00,375,6824,5.495310668229777
2018-12-11,2018-11-05 00:00:00,366,6824,5.363423212192263
2018-12-12,2018-11-05 00:00:00,336,6824,4.9237983587338805
2018-12-13,2018-11-05 00:00:00,361,6824,5.290152403282533
2018-12-14,2018-11-05 00:00:00,324,6824,4.7479484173505275
2018-12-15,2018-11-05 00:00:00,148,6824,2.168815943728019
2018-12-16,2018-11-05 00:00:00,172,6824,2.5205158264947247
2018-12-17,2018-11-05 00:00:00,292,6824,4.279015240328253
2018-12-18,2018-11-05 00:00:00,322,6824,4.718640093786636
2018-12-19,2018-11-05 00:00:00,284,6824,4.161781946072685
2018-12-20,2018-11-05 00:00:00,294,6824,4.308323563892145
2018-12-21,2018-11-05 00:00:00,234,6824,3.4290738569753807
2018-12-22,2018-11-05 00:00:00,138,6824,2.0222743259085583
2018-12-23,2018-11-05 00:00:00,119,6824,1.7438452520515826
2018-12-24,2018-11-05 00:00:00,133,6824,1.9490035169988276
2018-12-25,2018-11-05 00:00:00,104,6824,1.5240328253223916
2018-12-26,2018-11-05 00:00:00,205,6824,3.004103165298945
2018-12-27,2018-11-05 00:00:00,213,6824,3.1213364595545134
2018-12-28,2018-11-05 00:00:00,209,6824,3.0627198124267294
2018-12-29,2018-11-05 00:00:00,182,6824,2.6670574443141852
2018-12-30,2018-11-05 00:00:00,143,6824,2.0955451348182885
2018-12-31,2018-11-05 00:00:00,176,6824,2.5791324736225087
2019-01-01,2018-11-05 00:00:00,93,6824,1.3628370457209846
2019-01-02,2018-11-05 00:00:00,300,6824,4.396248534583822
2019-01-03,2018-11-05 00:00:00,331,6824,4.850527549824149
2019-01-04,2018-11-05 00:00:00,295,6824,4.322977725674091
2019-01-05,2018-11-05 00:00:00,161,6824,2.359320046893318
2019-01-06,2018-11-05 00:00:00,168,6824,2.4618991793669402
2019-01-07,2018-11-05 00:00:00,310,6824,4.542790152403282
2019-01-08,2018-11-05 00:00:00,306,6824,4.484173505275498
2019-01-09,2018-11-05 00:00:00,298,6824,4.36694021101993
2019-01-10,2018-11-05 00:00:00,292,6824,4.279015240328253
2019-01-11,2018-11-05 00:00:00,277,6824,4.059202813599063
2019-01-12,2018-11-05 00:00:00,167,6824,2.447245017584994
2019-01-13,2018-11-05 00:00:00,157,6824,2.3007033997655335
2019-01-14,2018-11-05 00:00:00,284,6824,4.161781946072685
2019-01-15,2018-11-05 00:00:00,291,6824,4.264361078546306
2019-01-16,2018-11-05 00:00:00,306,6824,4.484173505275498
2019-01-17,2018-11-05 00:00:00,286,6824,4.191090269636577
2019-01-18,2018-11-05 00:00:00,255,6824,3.736811254396249
2019-01-19,2018-11-05 00:00:00,119,6824,1.7438452520515826
2019-01-20,2018-11-05 00:00:00,129,6824,1.8903868698710433
2019-01-21,2018-11-05 00:00:00,304,6824,4.4548651817116065
2019-01-22,2018-11-05 00:00:00,293,6824,4.293669402110199
2019-01-23,2018-11-05 00:00:00,283,6824,4.147127784290738
2019-01-24,2018-11-05 00:00:00,269,6824,3.9419695193434934
2019-01-25,2018-11-05 00:00:00,242,6824,3.54630715123095
2019-01-26,2018-11-05 00:00:00,142,6824,2.0808909730363423
2019-01-27,2018-11-05 00:00:00,133,6824,1.9490035169988276
2019-01-28,2018-11-05 00:00:00,264,6824,3.8686987104337636
2019-01-29,2018-11-05 00:00:00,277,6824,4.059202813599063
2019-01-30,2018-11-05 00:00:00,267,6824,3.9126611957796014
2019-01-31,2018-11-05 00:00:00,244,6824,3.5756154747948417
2019-02-01,2018-11-05 00:00:00,248,6824,3.6342321219226257
2019-02-02,2018-11-05 00:00:00,111,6824,1.626611957796014
2019-02-03,2018-11-05 00:00:00,136,6824,1.992966002344666
2019-02-04,2018-11-05 00:00:00,277,6824,4.059202813599063
2019-02-05,2018-11-05 00:00:00,272,6824,3.985932004689332
2019-02-06,2018-11-05 00:00:00,271,6824,3.971277842907386
2019-02-07,2018-11-05 00:00:00,249,6824,3.648886283704572
2019-02-08,2018-11-05 00:00:00,235,6824,3.443728018757327
2019-02-09,2018-11-05 00:00:00,122,6824,1.7878077373974208
2019-02-10,2018-11-05 00:00:00,117,6824,1.7145369284876903
2019-02-11,2018-11-05 00:00:00,277,6824,4.059202813599063
2019-02-12,2018-11-05 00:00:00,233,6824,3.4144196951934354
2019-02-13,2018-11-05 00:00:00,244,6824,3.5756154747948417
2019-02-14,2018-11-05 00:00:00,244,6824,3.5756154747948417
2019-02-15,2018-11-05 00:00:00,265,6824,3.883352872215709
2019-02-16,2018-11-05 00:00:00,129,6824,1.8903868698710433
2019-02-17,2018-11-05 00:00:00,124,6824,1.8171160609613128
2019-02-18,2018-11-05 00:00:00,256,6824,3.751465416178194
2019-02-19,2018-11-05 00:00:00,289,6824,4.235052754982415
2019-02-20,2018-11-05 00:00:00,256,6824,3.751465416178194
2019-02-21,2018-11-05 00:00:00,266,6824,3.898007033997655
2019-02-22,2018-11-05 00:00:00,240,6824,3.5169988276670576
2019-02-23,2018-11-05 00:00:00,112,6824,1.6412661195779603
2019-02-24,2018-11-05 00:00:00,125,6824,1.831770222743259
2019-02-25,2018-11-05 00:00:00,270,6824,3.9566236811254396
2019-02-26,2018-11-05 00:00:00,276,6824,4.0445486518171165
2019-02-27,2018-11-05 00:00:00,288,6824,4.220398593200469
2019-02-28,2018-11-05 00:00:00,246,6824,3.604923798358734
2019-03-01,2018-11-05 00:00:00,231,6824,3.385111371629543
2019-03-02,2018-11-05 00:00:00,136,6824,1.992966002344666
2019-03-03,2018-11-05 00:00:00,138,6824,2.0222743259085583
2019-03-04,2018-11-05 00:00:00,275,6824,4.02989449003517
2019-03-05,2018-11-05 00:00:00,264,6824,3.8686987104337636
2019-03-06,2018-11-05 00:00:00,271,6824,3.971277842907386
2019-03-07,2018-11-05 00:00:00,264,6824,3.8686987104337636
2019-03-08,2018-11-05 00:00:00,263,6824,3.8540445486518173
2019-03-09,2018-11-05 00:00:00,112,6824,1.6412661195779603
2019-03-10,2018-11-05 00:00:00,95,6824,1.3921453692848769
2019-03-11,2018-11-05 00:00:00,265,6824,3.883352872215709
2019-03-12,2018-11-05 00:00:00,258,6824,3.7807737397420866
2019-03-13,2018-11-05 00:00:00,232,6824,3.399765533411489
2019-03-14,2018-11-05 00:00:00,126,6824,1.846424384525205
2019-03-15,2018-11-05 00:00:00,208,6824,3.048065650644783
2019-03-16,2018-11-05 00:00:00,103,6824,1.5093786635404454
2019-03-17,2018-11-05 00:00:00,125,6824,1.831770222743259
2019-03-18,2018-11-05 00:00:00,270,6824,3.9566236811254396
2019-03-19,2018-11-05 00:00:00,256,6824,3.751465416178194
2019-03-20,2018-11-05 00:00:00,243,6824,3.5609613130128954
2019-03-21,2018-11-05 00:00:00,224,6824,3.2825322391559206
2019-03-22,2018-11-05 00:00:00,230,6824,3.3704572098475967
2019-03-23,2018-11-05 00:00:00,117,6824,1.7145369284876903
2019-03-24,2018-11-05 00:00:00,108,6824,1.5826494724501756
2019-03-25,2018-11-05 00:00:00,244,6824,3.5756154747948417
2019-03-26,2018-11-05 00:00:00,258,6824,3.7807737397420866
2019-03-27,2018-11-05 00:00:00,263,6824,3.8540445486518173
2019-03-28,2018-11-05 00:00:00,231,6824,3.385111371629543
2019-03-29,2018-11-05 00:00:00,225,6824,3.297186400937866
2019-03-30,2018-11-05 00:00:00,105,6824,1.5386869871043376
2019-03-31,2018-11-05 00:00:00,111,6824,1.626611957796014
2019-04-01,2018-11-05 00:00:00,255,6824,3.736811254396249
2019-04-02,2018-11-05 00:00:00,262,6824,3.839390386869871
2019-04-03,2018-11-05 00:00:00,249,6824,3.648886283704572
2019-04-04,2018-11-05 00:00:00,262,6824,3.839390386869871
2019-04-05,2018-11-05 00:00:00,185,6824,2.7110199296600235
2019-04-06,2018-11-05 00:00:00,101,6824,1.4800703399765534
2019-04-07,2018-11-05 00:00:00,88,6824,1.2895662368112544
2019-04-08,2018-11-05 00:00:00,246,6824,3.604923798358734
2019-04-09,2018-11-05 00:00:00,225,6824,3.297186400937866
2019-04-10,2018-11-05 00:00:00,241,6824,3.531652989449004
2019-04-11,2018-11-05 00:00:00,218,6824,3.1946072684642437
2019-04-12,2018-11-05 00:00:00,199,6824,2.9161781946072685
2019-04-13,2018-11-05 00:00:00,113,6824,1.655920281359906
2019-04-14,2018-11-05 00:00:00,102,6824,1.4947245017584994
2019-04-15,2018-11-05 00:00:00,238,6824,3.487690504103165
2019-04-16,2018-11-05 00:00:00,249,6824,3.648886283704572
2019-04-17,2018-11-05 00:00:00,218,6824,3.1946072684642437
2019-04-18,2018-11-05 00:00:00,181,6824,2.6524032825322394
2019-04-19,2018-11-05 00:00:00,164,6824,2.4032825322391558
2019-04-20,2018-11-05 00:00:00,100,6824,1.4654161781946073
2019-04-21,2018-11-05 00:00:00,90,6824,1.3188745603751466
2019-04-22,2018-11-05 00:00:00,166,6824,2.432590855803048
2019-04-23,2018-11-05 00:00:00,210,6824,3.077373974208675
2019-04-24,2018-11-05 00:00:00,223,6824,3.2678780773739744
2019-04-25,2018-11-05 00:00:00,220,6824,3.2239155920281357
2019-04-26,2018-11-05 00:00:00,179,6824,2.623094958968347
2019-04-27,2018-11-05 00:00:00,95,6824,1.3921453692848769
2019-04-28,2018-11-05 00:00:00,93,6824,1.3628370457209846
2019-04-29,2018-11-05 00:00:00,242,6824,3.54630715123095
2019-04-30,2018-11-05 00:00:00,217,6824,3.1799531066822975
2019-05-01,2018-11-05 00:00:00,230,6824,3.3704572098475967
2019-05-02,2018-11-05 00:00:00,229,6824,3.3558030480656504
2019-05-03,2018-11-05 00:00:00,178,6824,2.608440797186401
2019-05-04,2018-11-05 00:00:00,88,6824,1.2895662368112544
2019-05-05,2018-11-05 00:00:00,107,6824,1.5679953106682298
2019-05-06,2018-11-05 00:00:00,216,6824,3.1652989449003512
2019-05-07,2018-11-05 00:00:00,220,6824,3.2239155920281357
2019-05-08,2018-11-05 00:00:00,210,6824,3.077373974208675
2019-05-09,2018-11-05 00:00:00,205,6824,3.004103165298945
2019-05-10,2018-11-05 00:00:00,163,6824,2.38862837045721
2019-05-11,2018-11-05 00:00:00,88,6824,1.2895662368112544
2019-05-12,2018-11-05 00:00:00,94,6824,1.3774912075029309
2019-05-13,2018-11-05 00:00:00,214,6824,3.1359906213364597
2019-05-14,2018-11-05 00:00:00,217,6824,3.1799531066822975
2019-05-15,2018-11-05 00:00:00,215,6824,3.150644783118406
2019-05-16,2018-11-05 00:00:00,233,6824,3.4144196951934354
2019-05-17,2018-11-05 00:00:00,210,6824,3.077373974208675
2019-05-18,2018-11-05 00:00:00,91,6824,1.3335287221570926
2019-05-19,2018-11-05 00:00:00,103,6824,1.5093786635404454
2019-05-20,2018-11-05 00:00:00,235,6824,3.443728018757327
2019-05-21,2018-11-05 00:00:00,229,6824,3.3558030480656504
2019-05-22,2018-11-05 00:00:00,223,6824,3.2678780773739744
2019-05-23,2018-11-05 00:00:00,223,6824,3.2678780773739744
2019-05-24,2018-11-05 00:00:00,193,6824,2.828253223915592
2019-05-25,2018-11-05 00:00:00,92,6824,1.3481828839390386
2019-05-26,2018-11-05 00:00:00,86,6824,1.2602579132473624
2019-05-27,2018-11-05 00:00:00,171,6824,2.5058616647127785
2019-05-28,2018-11-05 00:00:00,230,6824,3.3704572098475967
2019-05-29,2018-11-05 00:00:00,246,6824,3.604923798358734
2019-05-30,2018-11-05 00:00:00,205,6824,3.004103165298945
2019-05-31,2018-11-05 00:00:00,200,6824,2.9308323563892147
2019-06-01,2018-11-05 00:00:00,105,6824,1.5386869871043376
2019-06-02,2018-11-05 00:00:00,66,6824,0.9671746776084409
2019-06-03,2018-11-05 00:00:00,260,6824,3.8100820633059787
2019-06-04,2018-11-05 00:00:00,224,6824,3.2825322391559206
2019-06-05,2018-11-05 00:00:00,223,6824,3.2678780773739744
2019-06-06,2018-11-05 00:00:00,217,6824,3.1799531066822975
2019-06-07,2018-11-05 00:00:00,188,6824,2.7549824150058617
2019-06-08,2018-11-05 00:00:00,84,6824,1.2309495896834701
2019-06-09,2018-11-05 00:00:00,80,6824,1.1723329425556859
2019-06-10,2018-11-05 00:00:00,209,6824,3.0627198124267294
2019-06-11,2018-11-05 00:00:00,236,6824,3.458382180539273
2019-06-12,2018-11-05 00:00:00,216,6824,3.1652989449003512
2019-06-13,2018-11-05 00:00:00,211,6824,3.0920281359906214
2019-06-14,2018-11-05 00:00:00,152,6824,2.2274325908558033
2019-06-15,2018-11-05 00:00:00,85,6824,1.2456037514654161
2019-06-16,2018-11-05 00:00:00,91,6824,1.3335287221570926
2019-06-17,2018-11-05 00:00:00,240,6824,3.5169988276670576
2019-06-18,2018-11-05 00:00:00,220,6824,3.2239155920281357
2019-06-19,2018-11-05 00:00:00,209,6824,3.0627198124267294
2019-06-20,2018-11-05 00:00:00,199,6824,2.9161781946072685
2019-06-21,2018-11-05 00:00:00,191,6824,2.7989449003517
2019-06-22,2018-11-05 00:00:00,80,6824,1.1723329425556859
2019-06-23,2018-11-05 00:00:00,102,6824,1.4947245017584994
2019-06-24,2018-11-05 00:00:00,230,6824,3.3704572098475967
2019-06-25,2018-11-05 00:00:00,221,6824,3.238569753810082
2019-06-26,2018-11-05 00:00:00,203,6824,2.974794841735053
2019-06-27,2018-11-05 00:00:00,204,6824,2.9894490035169987
2019-06-28,2018-11-05 00:00:00,171,6824,2.5058616647127785
2019-06-29,2018-11-05 00:00:00,95,6824,1.3921453692848769
2019-06-30,2018-11-05 00:00:00,80,6824,1.1723329425556859
2019-07-01,2018-11-05 00:00:00,223,6824,3.2678780773739744
2019-07-02,2018-11-05 00:00:00,224,6824,3.2825322391559206
2019-07-03,2018-11-05 00:00:00,210,6824,3.077373974208675
2019-07-04,2018-11-05 00:00:00,155,6824,2.271395076201641
2019-07-05,2018-11-05 00:00:00,155,6824,2.271395076201641
2019-07-06,2018-11-05 00:00:00,93,6824,1.3628370457209846
2019-07-07,2018-11-05 00:00:00,76,6824,1.1137162954279016
2019-07-08,2018-11-05 00:00:00,254,6824,3.7221570926143026
2019-07-09,2018-11-05 00:00:00,223,6824,3.2678780773739744
2019-07-10,2018-11-05 00:00:00,207,6824,3.033411488862837
2019-07-11,2018-11-05 00:00:00,203,6824,2.974794841735053
2019-07-12,2018-11-05 00:00:00,163,6824,2.38862837045721
2019-07-13,2018-11-05 00:00:00,71,6824,1.0404454865181711
2019-07-14,2018-11-05 00:00:00,81,6824,1.1869871043376319
2019-07-15,2018-11-05 00:00:00,209,6824,3.0627198124267294
2019-07-16,2018-11-05 00:00:00,213,6824,3.1213364595545134
2019-07-17,2018-11-05 00:00:00,196,6824,2.87221570926143
2019-07-18,2018-11-05 00:00:00,188,6824,2.7549824150058617
2019-07-19,2018-11-05 00:00:00,187,6824,2.7403282532239155
2019-07-20,2018-11-05 00:00:00,87,6824,1.2749120750293084
2019-07-21,2018-11-05 00:00:00,76,6824,1.1137162954279016
2019-07-22,2018-11-05 00:00:00,206,6824,3.0187573270808907
2019-07-23,2018-11-05 00:00:00,201,6824,2.945486518171161
2019-07-24,2018-11-05 00:00:00,203,6824,2.974794841735053
2019-07-25,2018-11-05 00:00:00,213,6824,3.1213364595545134
2019-07-26,2018-11-05 00:00:00,155,6824,2.271395076201641
2019-07-27,2018-11-05 00:00:00,83,6824,1.216295427901524
2019-07-28,2018-11-05 00:00:00,69,6824,1.0111371629542791
2019-07-29,2018-11-05 00:00:00,206,6824,3.0187573270808907
2019-07-30,2018-11-05 00:00:00,208,6824,3.048065650644783
2019-07-31,2018-11-05 00:00:00,200,6824,2.9308323563892147
2019-08-01,2018-11-05 00:00:00,214,6824,3.1359906213364597
2019-08-02,2018-11-05 00:00:00,189,6824,2.769636576787808
2019-08-03,2018-11-05 00:00:00,91,6824,1.3335287221570926
2019-08-04,2018-11-05 00:00:00,85,6824,1.2456037514654161
2019-08-05,2018-11-05 00:00:00,200,6824,2.9308323563892147
2019-08-06,2018-11-05 00:00:00,211,6824,3.0920281359906214
2019-08-07,2018-11-05 00:00:00,198,6824,2.9015240328253222
2019-08-08,2018-11-05 00:00:00,190,6824,2.7842907385697537
2019-08-09,2018-11-05 00:00:00,159,6824,2.3300117233294255
2019-08-10,2018-11-05 00:00:00,80,6824,1.1723329425556859
2019-08-11,2018-11-05 00:00:00,89,6824,1.3042203985932006
2019-08-12,2018-11-05 00:00:00,236,6824,3.458382180539273
2019-08-13,2018-11-05 00:00:00,198,6824,2.9015240328253222
2019-08-14,2018-11-05 00:00:00,191,6824,2.7989449003517
2019-08-15,2018-11-05 00:00:00,65,6824,0.9525205158264947
2018-11-12,2018-11-12 00:00:00,967,5306,18.224651338107805
2018-11-13,2018-11-12 00:00:00,1063,5306,20.033923859781382
2018-11-14,2018-11-12 00:00:00,1048,5306,19.751225028269882
2018-11-15,2018-11-12 00:00:00,1043,5306,19.656992084432716
2018-11-16,2018-11-12 00:00:00,981,5306,18.488503580851866
2018-11-17,2018-11-12 00:00:00,595,5306,11.213720316622691
2018-11-18,2018-11-12 00:00:00,529,5306,9.969845457972108
2018-11-19,2018-11-12 00:00:00,357,5306,6.728232189973616
2018-11-20,2018-11-12 00:00:00,317,5306,5.974368639276291
2018-11-21,2018-11-12 00:00:00,306,5306,5.7670561628345265
2018-11-22,2018-11-12 00:00:00,263,5306,4.9566528458349035
2018-11-23,2018-11-12 00:00:00,355,5306,6.690539012438748
2018-11-24,2018-11-12 00:00:00,264,5306,4.9754994346023365
2018-11-25,2018-11-12 00:00:00,190,5306,3.580851865812288
2018-11-26,2018-11-12 00:00:00,355,5306,6.690539012438748
2018-11-27,2018-11-12 00:00:00,128,5306,2.412363362231436
2018-11-28,2018-11-12 00:00:00,268,5306,5.050885789672069
2018-11-29,2018-11-12 00:00:00,283,5306,5.333584621183566
2018-11-30,2018-11-12 00:00:00,235,5306,4.428948360346777
2018-12-01,2018-11-12 00:00:00,135,5306,2.5442894836034675
2018-12-02,2018-11-12 00:00:00,136,5306,2.563136072370901
2018-12-03,2018-11-12 00:00:00,277,5306,5.2205050885789674
2018-12-04,2018-11-12 00:00:00,244,5306,4.598567659253675
2018-12-05,2018-11-12 00:00:00,217,5306,4.089709762532982
2018-12-06,2018-11-12 00:00:00,223,5306,4.20278929513758
2018-12-07,2018-11-12 00:00:00,234,5306,4.4101017715793445
2018-12-08,2018-11-12 00:00:00,131,5306,2.4689031285337353
2018-12-09,2018-11-12 00:00:00,105,5306,1.978891820580475
2018-12-10,2018-11-12 00:00:00,200,5306,3.769317753486619
2018-12-11,2018-11-12 00:00:00,215,5306,4.052016584998115
2018-12-12,2018-11-12 00:00:00,231,5306,4.353562005277045
2018-12-13,2018-11-12 00:00:00,244,5306,4.598567659253675
2018-12-14,2018-11-12 00:00:00,177,5306,3.335846211835658
2018-12-15,2018-11-12 00:00:00,113,5306,2.1296645307199396
2018-12-16,2018-11-12 00:00:00,100,5306,1.8846588767433095
2018-12-17,2018-11-12 00:00:00,207,5306,3.901243874858651
2018-12-18,2018-11-12 00:00:00,202,5306,3.8070109310214852
2018-12-19,2018-11-12 00:00:00,182,5306,3.430079155672823
2018-12-20,2018-11-12 00:00:00,163,5306,3.0719939690915945
2018-12-21,2018-11-12 00:00:00,141,5306,2.657369016208066
2018-12-22,2018-11-12 00:00:00,90,5306,1.6961929890689786
2018-12-23,2018-11-12 00:00:00,84,5306,1.58311345646438
2018-12-24,2018-11-12 00:00:00,75,5306,1.413494157557482
2018-12-25,2018-11-12 00:00:00,55,5306,1.0365623822088201
2018-12-26,2018-11-12 00:00:00,94,5306,1.7715793441387109
2018-12-27,2018-11-12 00:00:00,149,5306,2.808141726347531
2018-12-28,2018-11-12 00:00:00,133,5306,2.5065963060686016
2018-12-29,2018-11-12 00:00:00,91,5306,1.7150395778364116
2018-12-30,2018-11-12 00:00:00,70,5306,1.3192612137203166
2018-12-31,2018-11-12 00:00:00,87,5306,1.6396532227666794
2019-01-01,2018-11-12 00:00:00,73,5306,1.3758009800226159
2019-01-02,2018-11-12 00:00:00,194,5306,3.6562382208820203
2019-01-03,2018-11-12 00:00:00,192,5306,3.6185450433471544
2019-01-04,2018-11-12 00:00:00,169,5306,3.185073501696193
2019-01-05,2018-11-12 00:00:00,96,5306,1.8092725216735772
2019-01-06,2018-11-12 00:00:00,96,5306,1.8092725216735772
2019-01-07,2018-11-12 00:00:00,194,5306,3.6562382208820203
2019-01-08,2018-11-12 00:00:00,168,5306,3.16622691292876
2019-01-09,2018-11-12 00:00:00,183,5306,3.4489257444402566
2019-01-10,2018-11-12 00:00:00,182,5306,3.430079155672823
2019-01-11,2018-11-12 00:00:00,152,5306,2.8646814926498303
2019-01-12,2018-11-12 00:00:00,69,5306,1.3004146249528834
2019-01-13,2018-11-12 00:00:00,99,5306,1.8658122879758765
2019-01-14,2018-11-12 00:00:00,202,5306,3.8070109310214852
2019-01-15,2018-11-12 00:00:00,184,5306,3.4677723332076895
2019-01-16,2018-11-12 00:00:00,166,5306,3.128533735393894
2019-01-17,2018-11-12 00:00:00,170,5306,3.203920090463626
2019-01-18,2018-11-12 00:00:00,155,5306,2.9212212589521296
2019-01-19,2018-11-12 00:00:00,69,5306,1.3004146249528834
2019-01-20,2018-11-12 00:00:00,85,5306,1.601960045231813
2019-01-21,2018-11-12 00:00:00,173,5306,3.2604598567659253
2019-01-22,2018-11-12 00:00:00,168,5306,3.16622691292876
2019-01-23,2018-11-12 00:00:00,168,5306,3.16622691292876
2019-01-24,2018-11-12 00:00:00,173,5306,3.2604598567659253
2019-01-25,2018-11-12 00:00:00,160,5306,3.015454202789295
2019-01-26,2018-11-12 00:00:00,88,5306,1.6584998115341123
2019-01-27,2018-11-12 00:00:00,75,5306,1.413494157557482
2019-01-28,2018-11-12 00:00:00,178,5306,3.354692800603091
2019-01-29,2018-11-12 00:00:00,188,5306,3.5431586882774218
2019-01-30,2018-11-12 00:00:00,186,5306,3.505465510742556
2019-01-31,2018-11-12 00:00:00,140,5306,2.638522427440633
2019-02-01,2018-11-12 00:00:00,154,5306,2.9023746701846966
2019-02-02,2018-11-12 00:00:00,70,5306,1.3192612137203166
2019-02-03,2018-11-12 00:00:00,68,5306,1.2815680361854505
2019-02-04,2018-11-12 00:00:00,156,5306,2.9400678477195625
2019-02-05,2018-11-12 00:00:00,165,5306,3.1096871466264604
2019-02-06,2018-11-12 00:00:00,174,5306,3.2793064455333587
2019-02-07,2018-11-12 00:00:00,165,5306,3.1096871466264604
2019-02-08,2018-11-12 00:00:00,150,5306,2.826988315114964
2019-02-09,2018-11-12 00:00:00,76,5306,1.4323407463249151
2019-02-10,2018-11-12 00:00:00,69,5306,1.3004146249528834
2019-02-11,2018-11-12 00:00:00,167,5306,3.1473803241613267
2019-02-12,2018-11-12 00:00:00,172,5306,3.2416132679984924
2019-02-13,2018-11-12 00:00:00,163,5306,3.0719939690915945
2019-02-14,2018-11-12 00:00:00,152,5306,2.8646814926498303
2019-02-15,2018-11-12 00:00:00,141,5306,2.657369016208066
2019-02-16,2018-11-12 00:00:00,87,5306,1.6396532227666794
2019-02-17,2018-11-12 00:00:00,79,5306,1.4888805126272144
2019-02-18,2018-11-12 00:00:00,161,5306,3.034300791556728
2019-02-19,2018-11-12 00:00:00,180,5306,3.3923859781379573
2019-02-20,2018-11-12 00:00:00,167,5306,3.1473803241613267
2019-02-21,2018-11-12 00:00:00,162,5306,3.053147380324161
2019-02-22,2018-11-12 00:00:00,129,5306,2.431209950998869
2019-02-23,2018-11-12 00:00:00,74,5306,1.394647568790049
2019-02-24,2018-11-12 00:00:00,84,5306,1.58311345646438
2019-02-25,2018-11-12 00:00:00,184,5306,3.4677723332076895
2019-02-26,2018-11-12 00:00:00,177,5306,3.335846211835658
2019-02-27,2018-11-12 00:00:00,175,5306,3.2981530343007917
2019-02-28,2018-11-12 00:00:00,155,5306,2.9212212589521296
2019-03-01,2018-11-12 00:00:00,145,5306,2.7327553712777988
2019-03-02,2018-11-12 00:00:00,79,5306,1.4888805126272144
2019-03-03,2018-11-12 00:00:00,75,5306,1.413494157557482
2019-03-04,2018-11-12 00:00:00,143,5306,2.6950621937429324
2019-03-05,2018-11-12 00:00:00,166,5306,3.128533735393894
2019-03-06,2018-11-12 00:00:00,162,5306,3.053147380324161
2019-03-07,2018-11-12 00:00:00,161,5306,3.034300791556728
2019-03-08,2018-11-12 00:00:00,149,5306,2.808141726347531
2019-03-09,2018-11-12 00:00:00,86,5306,1.6208066339992462
2019-03-10,2018-11-12 00:00:00,72,5306,1.3569543912551827
2019-03-11,2018-11-12 00:00:00,182,5306,3.430079155672823
2019-03-12,2018-11-12 00:00:00,171,5306,3.2227666792310594
2019-03-13,2018-11-12 00:00:00,135,5306,2.5442894836034675
2019-03-14,2018-11-12 00:00:00,61,5306,1.1496419148134187
2019-03-15,2018-11-12 00:00:00,129,5306,2.431209950998869
2019-03-16,2018-11-12 00:00:00,68,5306,1.2815680361854505
2019-03-17,2018-11-12 00:00:00,66,5306,1.2438748586505841
2019-03-18,2018-11-12 00:00:00,177,5306,3.335846211835658
2019-03-19,2018-11-12 00:00:00,185,5306,3.4866189219751225
2019-03-20,2018-11-12 00:00:00,158,5306,2.977761025254429
2019-03-21,2018-11-12 00:00:00,145,5306,2.7327553712777988
2019-03-22,2018-11-12 00:00:00,151,5306,2.8458349038823973
2019-03-23,2018-11-12 00:00:00,72,5306,1.3569543912551827
2019-03-24,2018-11-12 00:00:00,74,5306,1.394647568790049
2019-03-25,2018-11-12 00:00:00,158,5306,2.977761025254429
2019-03-26,2018-11-12 00:00:00,161,5306,3.034300791556728
2019-03-27,2018-11-12 00:00:00,166,5306,3.128533735393894
2019-03-28,2018-11-12 00:00:00,134,5306,2.5254428948360346
2019-03-29,2018-11-12 00:00:00,119,5306,2.242744063324538
2019-03-30,2018-11-12 00:00:00,54,5306,1.0177157934413872
2019-03-31,2018-11-12 00:00:00,74,5306,1.394647568790049
2019-04-01,2018-11-12 00:00:00,184,5306,3.4677723332076895
2019-04-02,2018-11-12 00:00:00,158,5306,2.977761025254429
2019-04-03,2018-11-12 00:00:00,145,5306,2.7327553712777988
2019-04-04,2018-11-12 00:00:00,167,5306,3.1473803241613267
2019-04-05,2018-11-12 00:00:00,125,5306,2.3558235959291367
2019-04-06,2018-11-12 00:00:00,73,5306,1.3758009800226159
2019-04-07,2018-11-12 00:00:00,61,5306,1.1496419148134187
2019-04-08,2018-11-12 00:00:00,157,5306,2.958914436486996
2019-04-09,2018-11-12 00:00:00,159,5306,2.996607614021862
2019-04-10,2018-11-12 00:00:00,161,5306,3.034300791556728
2019-04-11,2018-11-12 00:00:00,135,5306,2.5442894836034675
2019-04-12,2018-11-12 00:00:00,115,5306,2.167357708254806
2019-04-13,2018-11-12 00:00:00,78,5306,1.4700339238597813
2019-04-14,2018-11-12 00:00:00,72,5306,1.3569543912551827
2019-04-15,2018-11-12 00:00:00,163,5306,3.0719939690915945
2019-04-16,2018-11-12 00:00:00,144,5306,2.7139087825103654
2019-04-17,2018-11-12 00:00:00,150,5306,2.826988315114964
2019-04-18,2018-11-12 00:00:00,136,5306,2.563136072370901
2019-04-19,2018-11-12 00:00:00,98,5306,1.8469656992084433
2019-04-20,2018-11-12 00:00:00,73,5306,1.3758009800226159
2019-04-21,2018-11-12 00:00:00,48,5306,0.9046362608367886
2019-04-22,2018-11-12 00:00:00,102,5306,1.9223520542781758
2019-04-23,2018-11-12 00:00:00,155,5306,2.9212212589521296
2019-04-24,2018-11-12 00:00:00,151,5306,2.8458349038823973
2019-04-25,2018-11-12 00:00:00,129,5306,2.431209950998869
2019-04-26,2018-11-12 00:00:00,118,5306,2.223897474557105
2019-04-27,2018-11-12 00:00:00,69,5306,1.3004146249528834
2019-04-28,2018-11-12 00:00:00,62,5306,1.1684885035808519
2019-04-29,2018-11-12 00:00:00,151,5306,2.8458349038823973
2019-04-30,2018-11-12 00:00:00,150,5306,2.826988315114964
2019-05-01,2018-11-12 00:00:00,135,5306,2.5442894836034675
2019-05-02,2018-11-12 00:00:00,117,5306,2.2050508857896722
2019-05-03,2018-11-12 00:00:00,121,5306,2.2804372408594045
2019-05-04,2018-11-12 00:00:00,64,5306,1.206181681115718
2019-05-05,2018-11-12 00:00:00,61,5306,1.1496419148134187
2019-05-06,2018-11-12 00:00:00,132,5306,2.4877497173011682
2019-05-07,2018-11-12 00:00:00,140,5306,2.638522427440633
2019-05-08,2018-11-12 00:00:00,142,5306,2.6762156049754995
2019-05-09,2018-11-12 00:00:00,135,5306,2.5442894836034675
2019-05-10,2018-11-12 00:00:00,116,5306,2.186204297022239
2019-05-11,2018-11-12 00:00:00,67,5306,1.2627214474180173
2019-05-12,2018-11-12 00:00:00,48,5306,0.9046362608367886
2019-05-13,2018-11-12 00:00:00,146,5306,2.7516019600452317
2019-05-14,2018-11-12 00:00:00,146,5306,2.7516019600452317
2019-05-15,2018-11-12 00:00:00,159,5306,2.996607614021862
2019-05-16,2018-11-12 00:00:00,144,5306,2.7139087825103654
2019-05-17,2018-11-12 00:00:00,129,5306,2.431209950998869
2019-05-18,2018-11-12 00:00:00,56,5306,1.0554089709762533
2019-05-19,2018-11-12 00:00:00,70,5306,1.3192612137203166
2019-05-20,2018-11-12 00:00:00,134,5306,2.5254428948360346
2019-05-21,2018-11-12 00:00:00,161,5306,3.034300791556728
2019-05-22,2018-11-12 00:00:00,149,5306,2.808141726347531
2019-05-23,2018-11-12 00:00:00,140,5306,2.638522427440633
2019-05-24,2018-11-12 00:00:00,113,5306,2.1296645307199396
2019-05-25,2018-11-12 00:00:00,54,5306,1.0177157934413872
2019-05-26,2018-11-12 00:00:00,53,5306,0.998869204673954
2019-05-27,2018-11-12 00:00:00,95,5306,1.790425932906144
2019-05-28,2018-11-12 00:00:00,170,5306,3.203920090463626
2019-05-29,2018-11-12 00:00:00,157,5306,2.958914436486996
2019-05-30,2018-11-12 00:00:00,134,5306,2.5254428948360346
2019-05-31,2018-11-12 00:00:00,116,5306,2.186204297022239
2019-06-01,2018-11-12 00:00:00,74,5306,1.394647568790049
2019-06-02,2018-11-12 00:00:00,48,5306,0.9046362608367886
2019-06-03,2018-11-12 00:00:00,152,5306,2.8646814926498303
2019-06-04,2018-11-12 00:00:00,129,5306,2.431209950998869
2019-06-05,2018-11-12 00:00:00,117,5306,2.2050508857896722
2019-06-06,2018-11-12 00:00:00,133,5306,2.5065963060686016
2019-06-07,2018-11-12 00:00:00,114,5306,2.148511119487373
2019-06-08,2018-11-12 00:00:00,63,5306,1.1873350923482848
2019-06-09,2018-11-12 00:00:00,49,5306,0.9234828496042217
2019-06-10,2018-11-12 00:00:00,118,5306,2.223897474557105
2019-06-11,2018-11-12 00:00:00,132,5306,2.4877497173011682
2019-06-12,2018-11-12 00:00:00,155,5306,2.9212212589521296
2019-06-13,2018-11-12 00:00:00,136,5306,2.563136072370901
2019-06-14,2018-11-12 00:00:00,109,5306,2.0542781756502073
2019-06-15,2018-11-12 00:00:00,55,5306,1.0365623822088201
2019-06-16,2018-11-12 00:00:00,48,5306,0.9046362608367886
2019-06-17,2018-11-12 00:00:00,155,5306,2.9212212589521296
2019-06-18,2018-11-12 00:00:00,165,5306,3.1096871466264604
2019-06-19,2018-11-12 00:00:00,148,5306,2.789295137580098
2019-06-20,2018-11-12 00:00:00,148,5306,2.789295137580098
2019-06-21,2018-11-12 00:00:00,102,5306,1.9223520542781758
2019-06-22,2018-11-12 00:00:00,60,5306,1.1307953260459858
2019-06-23,2018-11-12 00:00:00,53,5306,0.998869204673954
2019-06-24,2018-11-12 00:00:00,121,5306,2.2804372408594045
2019-06-25,2018-11-12 00:00:00,151,5306,2.8458349038823973
2019-06-26,2018-11-12 00:00:00,127,5306,2.393516773464003
2019-06-27,2018-11-12 00:00:00,121,5306,2.2804372408594045
2019-06-28,2018-11-12 00:00:00,100,5306,1.8846588767433095
2019-06-29,2018-11-12 00:00:00,47,5306,0.8857896720693554
2019-06-30,2018-11-12 00:00:00,44,5306,0.8292499057670562
2019-07-01,2018-11-12 00:00:00,148,5306,2.789295137580098
2019-07-02,2018-11-12 00:00:00,143,5306,2.6950621937429324
2019-07-03,2018-11-12 00:00:00,135,5306,2.5442894836034675
2019-07-04,2018-11-12 00:00:00,92,5306,1.7338861666038448
2019-07-05,2018-11-12 00:00:00,86,5306,1.6208066339992462
2019-07-06,2018-11-12 00:00:00,47,5306,0.8857896720693554
2019-07-07,2018-11-12 00:00:00,60,5306,1.1307953260459858
2019-07-08,2018-11-12 00:00:00,127,5306,2.393516773464003
2019-07-09,2018-11-12 00:00:00,147,5306,2.7704485488126647
2019-07-10,2018-11-12 00:00:00,131,5306,2.4689031285337353
2019-07-11,2018-11-12 00:00:00,115,5306,2.167357708254806
2019-07-12,2018-11-12 00:00:00,106,5306,1.997738409347908
2019-07-13,2018-11-12 00:00:00,52,5306,0.980022615906521
2019-07-14,2018-11-12 00:00:00,37,5306,0.6973237843950245
2019-07-15,2018-11-12 00:00:00,122,5306,2.2992838296268374
2019-07-16,2018-11-12 00:00:00,131,5306,2.4689031285337353
2019-07-17,2018-11-12 00:00:00,123,5306,2.318130418394271
2019-07-18,2018-11-12 00:00:00,141,5306,2.657369016208066
2019-07-19,2018-11-12 00:00:00,102,5306,1.9223520542781758
2019-07-20,2018-11-12 00:00:00,56,5306,1.0554089709762533
2019-07-21,2018-11-12 00:00:00,42,5306,0.79155672823219
2019-07-22,2018-11-12 00:00:00,141,5306,2.657369016208066
2019-07-23,2018-11-12 00:00:00,126,5306,2.3746701846965697
2019-07-24,2018-11-12 00:00:00,110,5306,2.0731247644176403
2019-07-25,2018-11-12 00:00:00,113,5306,2.1296645307199396
2019-07-26,2018-11-12 00:00:00,102,5306,1.9223520542781758
2019-07-27,2018-11-12 00:00:00,54,5306,1.0177157934413872
2019-07-28,2018-11-12 00:00:00,62,5306,1.1684885035808519
2019-07-29,2018-11-12 00:00:00,122,5306,2.2992838296268374
2019-07-30,2018-11-12 00:00:00,164,5306,3.0908405578590274
2019-07-31,2018-11-12 00:00:00,143,5306,2.6950621937429324
2019-08-01,2018-11-12 00:00:00,134,5306,2.5254428948360346
2019-08-02,2018-11-12 00:00:00,132,5306,2.4877497173011682
2019-08-03,2018-11-12 00:00:00,52,5306,0.980022615906521
2019-08-04,2018-11-12 00:00:00,58,5306,1.0931021485111194
2019-08-05,2018-11-12 00:00:00,126,5306,2.3746701846965697
2019-08-06,2018-11-12 00:00:00,135,5306,2.5442894836034675
2019-08-07,2018-11-12 00:00:00,108,5306,2.0354315868827744
2019-08-08,2018-11-12 00:00:00,130,5306,2.4500565397663023
2019-08-09,2018-11-12 00:00:00,102,5306,1.9223520542781758
2019-08-10,2018-11-12 00:00:00,48,5306,0.9046362608367886
2019-08-11,2018-11-12 00:00:00,65,5306,1.2250282698831512
2019-08-12,2018-11-12 00:00:00,115,5306,2.167357708254806
2019-08-13,2018-11-12 00:00:00,136,5306,2.563136072370901
2019-08-14,2018-11-12 00:00:00,127,5306,2.393516773464003
2019-08-15,2018-11-12 00:00:00,58,5306,1.0931021485111194
2018-11-19,2018-11-19 00:00:00,854,5160,16.550387596899224
2018-11-20,2018-11-19 00:00:00,893,5160,17.3062015503876
2018-11-21,2018-11-19 00:00:00,922,5160,17.868217054263567
2018-11-22,2018-11-19 00:00:00,819,5160,15.872093023255815
2018-11-23,2018-11-19 00:00:00,1037,5160,20.096899224806204
2018-11-24,2018-11-19 00:00:00,835,5160,16.18217054263566
2018-11-25,2018-11-19 00:00:00,825,5160,15.988372093023257
2018-11-26,2018-11-19 00:00:00,397,5160,7.6937984496124034
2018-11-27,2018-11-19 00:00:00,137,5160,2.6550387596899228
2018-11-28,2018-11-19 00:00:00,255,5160,4.941860465116279
2018-11-29,2018-11-19 00:00:00,283,5160,5.484496124031008
2018-11-30,2018-11-19 00:00:00,214,5160,4.147286821705427
2018-12-01,2018-11-19 00:00:00,138,5160,2.6744186046511627
2018-12-02,2018-11-19 00:00:00,136,5160,2.635658914728682
2018-12-03,2018-11-19 00:00:00,247,5160,4.786821705426356
2018-12-04,2018-11-19 00:00:00,219,5160,4.2441860465116275
2018-12-05,2018-11-19 00:00:00,198,5160,3.8372093023255816
2018-12-06,2018-11-19 00:00:00,193,5160,3.74031007751938
2018-12-07,2018-11-19 00:00:00,191,5160,3.701550387596899
2018-12-08,2018-11-19 00:00:00,111,5160,2.1511627906976747
2018-12-09,2018-11-19 00:00:00,102,5160,1.9767441860465116
2018-12-10,2018-11-19 00:00:00,211,5160,4.089147286821706
2018-12-11,2018-11-19 00:00:00,204,5160,3.953488372093023
2018-12-12,2018-11-19 00:00:00,199,5160,3.8565891472868215
2018-12-13,2018-11-19 00:00:00,170,5160,3.2945736434108532
2018-12-14,2018-11-19 00:00:00,147,5160,2.8488372093023258
2018-12-15,2018-11-19 00:00:00,107,5160,2.0736434108527133
2018-12-16,2018-11-19 00:00:00,105,5160,2.0348837209302326
2018-12-17,2018-11-19 00:00:00,193,5160,3.74031007751938
2018-12-18,2018-11-19 00:00:00,187,5160,3.6240310077519378
2018-12-19,2018-11-19 00:00:00,152,5160,2.945736434108527
2018-12-20,2018-11-19 00:00:00,160,5160,3.10077519379845
2018-12-21,2018-11-19 00:00:00,131,5160,2.5387596899224807
2018-12-22,2018-11-19 00:00:00,92,5160,1.7829457364341086
2018-12-23,2018-11-19 00:00:00,54,5160,1.0465116279069768
2018-12-24,2018-11-19 00:00:00,72,5160,1.3953488372093024
2018-12-25,2018-11-19 00:00:00,48,5160,0.9302325581395349
2018-12-26,2018-11-19 00:00:00,109,5160,2.112403100775194
2018-12-27,2018-11-19 00:00:00,104,5160,2.0155038759689923
2018-12-28,2018-11-19 00:00:00,98,5160,1.8992248062015504
2018-12-29,2018-11-19 00:00:00,90,5160,1.744186046511628
2018-12-30,2018-11-19 00:00:00,86,5160,1.6666666666666667
2018-12-31,2018-11-19 00:00:00,90,5160,1.744186046511628
2019-01-01,2018-11-19 00:00:00,63,5160,1.2209302325581395
2019-01-02,2018-11-19 00:00:00,162,5160,3.1395348837209305
2019-01-03,2018-11-19 00:00:00,165,5160,3.1976744186046515
2019-01-04,2018-11-19 00:00:00,147,5160,2.8488372093023258
2019-01-05,2018-11-19 00:00:00,85,5160,1.6472868217054266
2019-01-06,2018-11-19 00:00:00,86,5160,1.6666666666666667
2019-01-07,2018-11-19 00:00:00,165,5160,3.1976744186046515
2019-01-08,2018-11-19 00:00:00,159,5160,3.0813953488372094
2019-01-09,2018-11-19 00:00:00,130,5160,2.5193798449612403
2019-01-10,2018-11-19 00:00:00,148,5160,2.8682170542635657
2019-01-11,2018-11-19 00:00:00,151,5160,2.926356589147287
2019-01-12,2018-11-19 00:00:00,75,5160,1.4534883720930232
2019-01-13,2018-11-19 00:00:00,77,5160,1.4922480620155039
2019-01-14,2018-11-19 00:00:00,142,5160,2.751937984496124
2019-01-15,2018-11-19 00:00:00,142,5160,2.751937984496124
2019-01-16,2018-11-19 00:00:00,152,5160,2.945736434108527
2019-01-17,2018-11-19 00:00:00,141,5160,2.7325581395348837
2019-01-18,2018-11-19 00:00:00,130,5160,2.5193798449612403
2019-01-19,2018-11-19 00:00:00,84,5160,1.627906976744186
2019-01-20,2018-11-19 00:00:00,74,5160,1.4341085271317828
2019-01-21,2018-11-19 00:00:00,139,5160,2.6937984496124034
2019-01-22,2018-11-19 00:00:00,141,5160,2.7325581395348837
2019-01-23,2018-11-19 00:00:00,167,5160,3.2364341085271318
2019-01-24,2018-11-19 00:00:00,139,5160,2.6937984496124034
2019-01-25,2018-11-19 00:00:00,129,5160,2.5
2019-01-26,2018-11-19 00:00:00,77,5160,1.4922480620155039
2019-01-27,2018-11-19 00:00:00,68,5160,1.317829457364341
2019-01-28,2018-11-19 00:00:00,155,5160,3.003875968992248
2019-01-29,2018-11-19 00:00:00,142,5160,2.751937984496124
2019-01-30,2018-11-19 00:00:00,140,5160,2.7131782945736433
2019-01-31,2018-11-19 00:00:00,150,5160,2.9069767441860463
2019-02-01,2018-11-19 00:00:00,125,5160,2.422480620155039
2019-02-02,2018-11-19 00:00:00,73,5160,1.4147286821705427
2019-02-03,2018-11-19 00:00:00,62,5160,1.2015503875968991
2019-02-04,2018-11-19 00:00:00,137,5160,2.6550387596899228
2019-02-05,2018-11-19 00:00:00,123,5160,2.3837209302325584
2019-02-06,2018-11-19 00:00:00,145,5160,2.810077519379845
2019-02-07,2018-11-19 00:00:00,150,5160,2.9069767441860463
2019-02-08,2018-11-19 00:00:00,114,5160,2.2093023255813953
2019-02-09,2018-11-19 00:00:00,73,5160,1.4147286821705427
2019-02-10,2018-11-19 00:00:00,55,5160,1.065891472868217
2019-02-11,2018-11-19 00:00:00,151,5160,2.926356589147287
2019-02-12,2018-11-19 00:00:00,117,5160,2.2674418604651163
2019-02-13,2018-11-19 00:00:00,150,5160,2.9069767441860463
2019-02-14,2018-11-19 00:00:00,124,5160,2.4031007751937983
2019-02-15,2018-11-19 00:00:00,113,5160,2.1899224806201554
2019-02-16,2018-11-19 00:00:00,74,5160,1.4341085271317828
2019-02-17,2018-11-19 00:00:00,72,5160,1.3953488372093024
2019-02-18,2018-11-19 00:00:00,134,5160,2.5968992248062017
2019-02-19,2018-11-19 00:00:00,125,5160,2.422480620155039
2019-02-20,2018-11-19 00:00:00,124,5160,2.4031007751937983
2019-02-21,2018-11-19 00:00:00,126,5160,2.441860465116279
2019-02-22,2018-11-19 00:00:00,117,5160,2.2674418604651163
2019-02-23,2018-11-19 00:00:00,63,5160,1.2209302325581395
2019-02-24,2018-11-19 00:00:00,73,5160,1.4147286821705427
2019-02-25,2018-11-19 00:00:00,139,5160,2.6937984496124034
2019-02-26,2018-11-19 00:00:00,139,5160,2.6937984496124034
2019-02-27,2018-11-19 00:00:00,146,5160,2.8294573643410854
2019-02-28,2018-11-19 00:00:00,125,5160,2.422480620155039
2019-03-01,2018-11-19 00:00:00,130,5160,2.5193798449612403
2019-03-02,2018-11-19 00:00:00,52,5160,1.0077519379844961
2019-03-03,2018-11-19 00:00:00,60,5160,1.1627906976744187
2019-03-04,2018-11-19 00:00:00,145,5160,2.810077519379845
2019-03-05,2018-11-19 00:00:00,143,5160,2.7713178294573644
2019-03-06,2018-11-19 00:00:00,135,5160,2.616279069767442
2019-03-07,2018-11-19 00:00:00,136,5160,2.635658914728682
2019-03-08,2018-11-19 00:00:00,112,5160,2.1705426356589146
2019-03-09,2018-11-19 00:00:00,58,5160,1.124031007751938
2019-03-10,2018-11-19 00:00:00,67,5160,1.2984496124031009
2019-03-11,2018-11-19 00:00:00,130,5160,2.5193798449612403
2019-03-12,2018-11-19 00:00:00,137,5160,2.6550387596899228
2019-03-13,2018-11-19 00:00:00,139,5160,2.6937984496124034
2019-03-14,2018-11-19 00:00:00,72,5160,1.3953488372093024
2019-03-15,2018-11-19 00:00:00,103,5160,1.9961240310077522
2019-03-16,2018-11-19 00:00:00,59,5160,1.1434108527131783
2019-03-17,2018-11-19 00:00:00,67,5160,1.2984496124031009
2019-03-18,2018-11-19 00:00:00,141,5160,2.7325581395348837
2019-03-19,2018-11-19 00:00:00,129,5160,2.5
2019-03-20,2018-11-19 00:00:00,113,5160,2.1899224806201554
2019-03-21,2018-11-19 00:00:00,132,5160,2.558139534883721
2019-03-22,2018-11-19 00:00:00,117,5160,2.2674418604651163
2019-03-23,2018-11-19 00:00:00,54,5160,1.0465116279069768
2019-03-24,2018-11-19 00:00:00,54,5160,1.0465116279069768
2019-03-25,2018-11-19 00:00:00,108,5160,2.0930232558139537
2019-03-26,2018-11-19 00:00:00,141,5160,2.7325581395348837
2019-03-27,2018-11-19 00:00:00,118,5160,2.2868217054263567
2019-03-28,2018-11-19 00:00:00,126,5160,2.441860465116279
2019-03-29,2018-11-19 00:00:00,107,5160,2.0736434108527133
2019-03-30,2018-11-19 00:00:00,38,5160,0.7364341085271318
2019-03-31,2018-11-19 00:00:00,51,5160,0.9883720930232558
2019-04-01,2018-11-19 00:00:00,121,5160,2.3449612403100777
2019-04-02,2018-11-19 00:00:00,158,5160,3.062015503875969
2019-04-03,2018-11-19 00:00:00,120,5160,2.3255813953488373
2019-04-04,2018-11-19 00:00:00,98,5160,1.8992248062015504
2019-04-05,2018-11-19 00:00:00,88,5160,1.7054263565891472
2019-04-06,2018-11-19 00:00:00,46,5160,0.8914728682170543
2019-04-07,2018-11-19 00:00:00,58,5160,1.124031007751938
2019-04-08,2018-11-19 00:00:00,109,5160,2.112403100775194
2019-04-09,2018-11-19 00:00:00,163,5160,3.1589147286821704
2019-04-10,2018-11-19 00:00:00,149,5160,2.8875968992248064
2019-04-11,2018-11-19 00:00:00,115,5160,2.2286821705426356
2019-04-12,2018-11-19 00:00:00,107,5160,2.0736434108527133
2019-04-13,2018-11-19 00:00:00,58,5160,1.124031007751938
2019-04-14,2018-11-19 00:00:00,64,5160,1.2403100775193798
2019-04-15,2018-11-19 00:00:00,121,5160,2.3449612403100777
2019-04-16,2018-11-19 00:00:00,119,5160,2.306201550387597
2019-04-17,2018-11-19 00:00:00,96,5160,1.8604651162790697
2019-04-18,2018-11-19 00:00:00,103,5160,1.9961240310077522
2019-04-19,2018-11-19 00:00:00,78,5160,1.5116279069767442
2019-04-20,2018-11-19 00:00:00,49,5160,0.9496124031007752
2019-04-21,2018-11-19 00:00:00,44,5160,0.8527131782945736
2019-04-22,2018-11-19 00:00:00,87,5160,1.686046511627907
2019-04-23,2018-11-19 00:00:00,105,5160,2.0348837209302326
2019-04-24,2018-11-19 00:00:00,133,5160,2.5775193798449614
2019-04-25,2018-11-19 00:00:00,98,5160,1.8992248062015504
2019-04-26,2018-11-19 00:00:00,89,5160,1.7248062015503878
2019-04-27,2018-11-19 00:00:00,42,5160,0.813953488372093
2019-04-28,2018-11-19 00:00:00,62,5160,1.2015503875968991
2019-04-29,2018-11-19 00:00:00,125,5160,2.422480620155039
2019-04-30,2018-11-19 00:00:00,123,5160,2.3837209302325584
2019-05-01,2018-11-19 00:00:00,122,5160,2.3643410852713176
2019-05-02,2018-11-19 00:00:00,98,5160,1.8992248062015504
2019-05-03,2018-11-19 00:00:00,94,5160,1.821705426356589
2019-05-04,2018-11-19 00:00:00,50,5160,0.9689922480620154
2019-05-05,2018-11-19 00:00:00,50,5160,0.9689922480620154
2019-05-06,2018-11-19 00:00:00,97,5160,1.8798449612403103
2019-05-07,2018-11-19 00:00:00,111,5160,2.1511627906976747
2019-05-08,2018-11-19 00:00:00,121,5160,2.3449612403100777
2019-05-09,2018-11-19 00:00:00,109,5160,2.112403100775194
2019-05-10,2018-11-19 00:00:00,96,5160,1.8604651162790697
2019-05-11,2018-11-19 00:00:00,44,5160,0.8527131782945736
2019-05-12,2018-11-19 00:00:00,40,5160,0.7751937984496124
2019-05-13,2018-11-19 00:00:00,121,5160,2.3449612403100777
2019-05-14,2018-11-19 00:00:00,119,5160,2.306201550387597
2019-05-15,2018-11-19 00:00:00,129,5160,2.5
2019-05-16,2018-11-19 00:00:00,108,5160,2.0930232558139537
2019-05-17,2018-11-19 00:00:00,115,5160,2.2286821705426356
2019-05-18,2018-11-19 00:00:00,58,5160,1.124031007751938
2019-05-19,2018-11-19 00:00:00,44,5160,0.8527131782945736
2019-05-20,2018-11-19 00:00:00,101,5160,1.9573643410852715
2019-05-21,2018-11-19 00:00:00,111,5160,2.1511627906976747
2019-05-22,2018-11-19 00:00:00,122,5160,2.3643410852713176
2019-05-23,2018-11-19 00:00:00,110,5160,2.131782945736434
2019-05-24,2018-11-19 00:00:00,99,5160,1.9186046511627908
2019-05-25,2018-11-19 00:00:00,61,5160,1.1821705426356588
2019-05-26,2018-11-19 00:00:00,52,5160,1.0077519379844961
2019-05-27,2018-11-19 00:00:00,93,5160,1.802325581395349
2019-05-28,2018-11-19 00:00:00,122,5160,2.3643410852713176
2019-05-29,2018-11-19 00:00:00,93,5160,1.802325581395349
2019-05-30,2018-11-19 00:00:00,120,5160,2.3255813953488373
2019-05-31,2018-11-19 00:00:00,104,5160,2.0155038759689923
2019-06-01,2018-11-19 00:00:00,53,5160,1.0271317829457365
2019-06-02,2018-11-19 00:00:00,34,5160,0.6589147286821705
2019-06-03,2018-11-19 00:00:00,130,5160,2.5193798449612403
2019-06-04,2018-11-19 00:00:00,118,5160,2.2868217054263567
2019-06-05,2018-11-19 00:00:00,115,5160,2.2286821705426356
2019-06-06,2018-11-19 00:00:00,119,5160,2.306201550387597
2019-06-07,2018-11-19 00:00:00,114,5160,2.2093023255813953
2019-06-08,2018-11-19 00:00:00,56,5160,1.0852713178294573
2019-06-09,2018-11-19 00:00:00,47,5160,0.9108527131782945
2019-06-10,2018-11-19 00:00:00,106,5160,2.054263565891473
2019-06-11,2018-11-19 00:00:00,135,5160,2.616279069767442
2019-06-12,2018-11-19 00:00:00,128,5160,2.4806201550387597
2019-06-13,2018-11-19 00:00:00,115,5160,2.2286821705426356
2019-06-14,2018-11-19 00:00:00,99,5160,1.9186046511627908
2019-06-15,2018-11-19 00:00:00,41,5160,0.7945736434108527
2019-06-16,2018-11-19 00:00:00,58,5160,1.124031007751938
2019-06-17,2018-11-19 00:00:00,117,5160,2.2674418604651163
2019-06-18,2018-11-19 00:00:00,114,5160,2.2093023255813953
2019-06-19,2018-11-19 00:00:00,117,5160,2.2674418604651163
2019-06-20,2018-11-19 00:00:00,109,5160,2.112403100775194
2019-06-21,2018-11-19 00:00:00,106,5160,2.054263565891473
2019-06-22,2018-11-19 00:00:00,46,5160,0.8914728682170543
2019-06-23,2018-11-19 00:00:00,36,5160,0.6976744186046512
2019-06-24,2018-11-19 00:00:00,131,5160,2.5387596899224807
2019-06-25,2018-11-19 00:00:00,116,5160,2.248062015503876
2019-06-26,2018-11-19 00:00:00,104,5160,2.0155038759689923
2019-06-27,2018-11-19 00:00:00,120,5160,2.3255813953488373
2019-06-28,2018-11-19 00:00:00,106,5160,2.054263565891473
2019-06-29,2018-11-19 00:00:00,59,5160,1.1434108527131783
2019-06-30,2018-11-19 00:00:00,47,5160,0.9108527131782945
2019-07-01,2018-11-19 00:00:00,102,5160,1.9767441860465116
2019-07-02,2018-11-19 00:00:00,130,5160,2.5193798449612403
2019-07-03,2018-11-19 00:00:00,112,5160,2.1705426356589146
2019-07-04,2018-11-19 00:00:00,76,5160,1.4728682170542635
2019-07-05,2018-11-19 00:00:00,94,5160,1.821705426356589
2019-07-06,2018-11-19 00:00:00,52,5160,1.0077519379844961
2019-07-07,2018-11-19 00:00:00,35,5160,0.6782945736434108
2019-07-08,2018-11-19 00:00:00,117,5160,2.2674418604651163
2019-07-09,2018-11-19 00:00:00,96,5160,1.8604651162790697
2019-07-10,2018-11-19 00:00:00,100,5160,1.937984496124031
2019-07-11,2018-11-19 00:00:00,104,5160,2.0155038759689923
2019-07-12,2018-11-19 00:00:00,90,5160,1.744186046511628
2019-07-13,2018-11-19 00:00:00,52,5160,1.0077519379844961
2019-07-14,2018-11-19 00:00:00,36,5160,0.6976744186046512
2019-07-15,2018-11-19 00:00:00,96,5160,1.8604651162790697
2019-07-16,2018-11-19 00:00:00,109,5160,2.112403100775194
2019-07-17,2018-11-19 00:00:00,104,5160,2.0155038759689923
2019-07-18,2018-11-19 00:00:00,115,5160,2.2286821705426356
2019-07-19,2018-11-19 00:00:00,94,5160,1.821705426356589
2019-07-20,2018-11-19 00:00:00,42,5160,0.813953488372093
2019-07-21,2018-11-19 00:00:00,42,5160,0.813953488372093
2019-07-22,2018-11-19 00:00:00,102,5160,1.9767441860465116
2019-07-23,2018-11-19 00:00:00,98,5160,1.8992248062015504
2019-07-24,2018-11-19 00:00:00,110,5160,2.131782945736434
2019-07-25,2018-11-19 00:00:00,96,5160,1.8604651162790697
2019-07-26,2018-11-19 00:00:00,108,5160,2.0930232558139537
2019-07-27,2018-11-19 00:00:00,48,5160,0.9302325581395349
2019-07-28,2018-11-19 00:00:00,55,5160,1.065891472868217
2019-07-29,2018-11-19 00:00:00,120,5160,2.3255813953488373
2019-07-30,2018-11-19 00:00:00,138,5160,2.6744186046511627
2019-07-31,2018-11-19 00:00:00,107,5160,2.0736434108527133
2019-08-01,2018-11-19 00:00:00,116,5160,2.248062015503876
2019-08-02,2018-11-19 00:00:00,104,5160,2.0155038759689923
2019-08-03,2018-11-19 00:00:00,48,5160,0.9302325581395349
2019-08-04,2018-11-19 00:00:00,31,5160,0.6007751937984496
2019-08-05,2018-11-19 00:00:00,97,5160,1.8798449612403103
2019-08-06,2018-11-19 00:00:00,129,5160,2.5
2019-08-07,2018-11-19 00:00:00,109,5160,2.112403100775194
2019-08-08,2018-11-19 00:00:00,100,5160,1.937984496124031
2019-08-09,2018-11-19 00:00:00,81,5160,1.5697674418604652
2019-08-10,2018-11-19 00:00:00,42,5160,0.813953488372093
2019-08-11,2018-11-19 00:00:00,40,5160,0.7751937984496124
2019-08-12,2018-11-19 00:00:00,101,5160,1.9573643410852715
2019-08-13,2018-11-19 00:00:00,73,5160,1.4147286821705427
2019-08-14,2018-11-19 00:00:00,103,5160,1.9961240310077522
2019-08-15,2018-11-19 00:00:00,44,5160,0.8527131782945736
2018-11-26,2018-11-26 00:00:00,861,4143,20.782041998551772
2018-11-27,2018-11-26 00:00:00,328,4143,7.916968380400675
2018-11-28,2018-11-26 00:00:00,806,4143,19.454501568911418
2018-11-29,2018-11-26 00:00:00,969,4143,23.38884866039102
2018-11-30,2018-11-26 00:00:00,813,4143,19.623461259956553
2018-12-01,2018-11-26 00:00:00,440,4143,10.620323437122858
2018-12-02,2018-11-26 00:00:00,501,4143,12.092686459087618
2018-12-03,2018-11-26 00:00:00,236,4143,5.696355298093169
2018-12-04,2018-11-26 00:00:00,231,4143,5.5756698044895
2018-12-05,2018-11-26 00:00:00,218,4143,5.261887521119961
2018-12-06,2018-11-26 00:00:00,188,4143,4.537774559497949
2018-12-07,2018-11-26 00:00:00,164,4143,3.9584841902003376
2018-12-08,2018-11-26 00:00:00,92,4143,2.2206130823075068
2018-12-09,2018-11-26 00:00:00,92,4143,2.2206130823075068
2018-12-10,2018-11-26 00:00:00,193,4143,4.658460053101617
2018-12-11,2018-11-26 00:00:00,158,4143,3.813661597875935
2018-12-12,2018-11-26 00:00:00,173,4143,4.175718078686942
2018-12-13,2018-11-26 00:00:00,145,4143,3.499879314506396
2018-12-14,2018-11-26 00:00:00,149,4143,3.596427709389331
2018-12-15,2018-11-26 00:00:00,60,4143,1.448225923244026
2018-12-16,2018-11-26 00:00:00,81,4143,1.9551049963794351
2018-12-17,2018-11-26 00:00:00,143,4143,3.4516051170649287
2018-12-18,2018-11-26 00:00:00,139,4143,3.3550567221819936
2018-12-19,2018-11-26 00:00:00,139,4143,3.3550567221819936
2018-12-20,2018-11-26 00:00:00,147,4143,3.5481535119478638
2018-12-21,2018-11-26 00:00:00,122,4143,2.9447260439295198
2018-12-22,2018-11-26 00:00:00,73,4143,1.7620082066135652
2018-12-23,2018-11-26 00:00:00,44,4143,1.0620323437122858
2018-12-24,2018-11-26 00:00:00,56,4143,1.3516775283610911
2018-12-25,2018-11-26 00:00:00,43,4143,1.037895244991552
2018-12-26,2018-11-26 00:00:00,79,4143,1.9068307989379676
2018-12-27,2018-11-26 00:00:00,105,4143,2.5343953656770455
2018-12-28,2018-11-26 00:00:00,86,4143,2.075790489983104
2018-12-29,2018-11-26 00:00:00,71,4143,1.7137340091720976
2018-12-30,2018-11-26 00:00:00,71,4143,1.7137340091720976
2018-12-31,2018-11-26 00:00:00,93,4143,2.2447501810282406
2019-01-01,2018-11-26 00:00:00,74,4143,1.7861453053342988
2019-01-02,2018-11-26 00:00:00,154,4143,3.7171132029930005
2019-01-03,2018-11-26 00:00:00,145,4143,3.499879314506396
2019-01-04,2018-11-26 00:00:00,122,4143,2.9447260439295198
2019-01-05,2018-11-26 00:00:00,70,4143,1.6895969104513637
2019-01-06,2018-11-26 00:00:00,63,4143,1.5206372194062274
2019-01-07,2018-11-26 00:00:00,126,4143,3.041274438812455
2019-01-08,2018-11-26 00:00:00,128,4143,3.0895486362539226
2019-01-09,2018-11-26 00:00:00,140,4143,3.3791938209027275
2019-01-10,2018-11-26 00:00:00,116,4143,2.799903451605117
2019-01-11,2018-11-26 00:00:00,88,4143,2.1240646874245717
2019-01-12,2018-11-26 00:00:00,57,4143,1.3758146270818248
2019-01-13,2018-11-26 00:00:00,72,4143,1.7378711078928313
2019-01-14,2018-11-26 00:00:00,132,4143,3.1860970311368573
2019-01-15,2018-11-26 00:00:00,123,4143,2.9688631426502536
2019-01-16,2018-11-26 00:00:00,134,4143,3.2343712285783246
2019-01-17,2018-11-26 00:00:00,146,4143,3.5240164132271303
2019-01-18,2018-11-26 00:00:00,116,4143,2.799903451605117
2019-01-19,2018-11-26 00:00:00,66,4143,1.5930485155684286
2019-01-20,2018-11-26 00:00:00,61,4143,1.4723630219647599
2019-01-21,2018-11-26 00:00:00,121,4143,2.920588945208786
2019-01-22,2018-11-26 00:00:00,139,4143,3.3550567221819936
2019-01-23,2018-11-26 00:00:00,126,4143,3.041274438812455
2019-01-24,2018-11-26 00:00:00,99,4143,2.389572773352643
2019-01-25,2018-11-26 00:00:00,106,4143,2.5585324643977794
2019-01-26,2018-11-26 00:00:00,69,4143,1.66545981173063
2019-01-27,2018-11-26 00:00:00,66,4143,1.5930485155684286
2019-01-28,2018-11-26 00:00:00,109,4143,2.6309437605599806
2019-01-29,2018-11-26 00:00:00,141,4143,3.403330919623461
2019-01-30,2018-11-26 00:00:00,105,4143,2.5343953656770455
2019-01-31,2018-11-26 00:00:00,134,4143,3.2343712285783246
2019-02-01,2018-11-26 00:00:00,112,4143,2.7033550567221822
2019-02-02,2018-11-26 00:00:00,53,4143,1.2792662321988897
2019-02-03,2018-11-26 00:00:00,57,4143,1.3758146270818248
2019-02-04,2018-11-26 00:00:00,115,4143,2.775766352884383
2019-02-05,2018-11-26 00:00:00,122,4143,2.9447260439295198
2019-02-06,2018-11-26 00:00:00,128,4143,3.0895486362539226
2019-02-07,2018-11-26 00:00:00,100,4143,2.4137098720733765
2019-02-08,2018-11-26 00:00:00,80,4143,1.9309678976587012
2019-02-09,2018-11-26 00:00:00,47,4143,1.1344436398744873
2019-02-10,2018-11-26 00:00:00,40,4143,0.9654839488293506
2019-02-11,2018-11-26 00:00:00,99,4143,2.389572773352643
2019-02-12,2018-11-26 00:00:00,93,4143,2.2447501810282406
2019-02-13,2018-11-26 00:00:00,109,4143,2.6309437605599806
2019-02-14,2018-11-26 00:00:00,101,4143,2.4378469707941104
2019-02-15,2018-11-26 00:00:00,88,4143,2.1240646874245717
2019-02-16,2018-11-26 00:00:00,50,4143,1.2068549360366883
2019-02-17,2018-11-26 00:00:00,36,4143,0.8689355539464156
2019-02-18,2018-11-26 00:00:00,96,4143,2.3171614771904414
2019-02-19,2018-11-26 00:00:00,109,4143,2.6309437605599806
2019-02-20,2018-11-26 00:00:00,94,4143,2.2688872797489745
2019-02-21,2018-11-26 00:00:00,103,4143,2.486121168235578
2019-02-22,2018-11-26 00:00:00,100,4143,2.4137098720733765
2019-02-23,2018-11-26 00:00:00,35,4143,0.8447984552256819
2019-02-24,2018-11-26 00:00:00,42,4143,1.0137581462708183
2019-02-25,2018-11-26 00:00:00,113,4143,2.7274921554429157
2019-02-26,2018-11-26 00:00:00,110,4143,2.6550808592807145
2019-02-27,2018-11-26 00:00:00,118,4143,2.8481776490465847
2019-02-28,2018-11-26 00:00:00,112,4143,2.7033550567221822
2019-03-01,2018-11-26 00:00:00,89,4143,2.1482017861453055
2019-03-02,2018-11-26 00:00:00,42,4143,1.0137581462708183
2019-03-03,2018-11-26 00:00:00,53,4143,1.2792662321988897
2019-03-04,2018-11-26 00:00:00,117,4143,2.8240405503258508
2019-03-05,2018-11-26 00:00:00,108,4143,2.606806661839247
2019-03-06,2018-11-26 00:00:00,104,4143,2.510258266956312
2019-03-07,2018-11-26 00:00:00,97,4143,2.3412985759111753
2019-03-08,2018-11-26 00:00:00,95,4143,2.293024378469708
2019-03-09,2018-11-26 00:00:00,52,4143,1.255129133478156
2019-03-10,2018-11-26 00:00:00,49,4143,1.1827178373159546
2019-03-11,2018-11-26 00:00:00,117,4143,2.8240405503258508
2019-03-12,2018-11-26 00:00:00,108,4143,2.606806661839247
2019-03-13,2018-11-26 00:00:00,110,4143,2.6550808592807145
2019-03-14,2018-11-26 00:00:00,61,4143,1.4723630219647599
2019-03-15,2018-11-26 00:00:00,73,4143,1.7620082066135652
2019-03-16,2018-11-26 00:00:00,53,4143,1.2792662321988897
2019-03-17,2018-11-26 00:00:00,48,4143,1.1585807385952207
2019-03-18,2018-11-26 00:00:00,106,4143,2.5585324643977794
2019-03-19,2018-11-26 00:00:00,108,4143,2.606806661839247
2019-03-20,2018-11-26 00:00:00,113,4143,2.7274921554429157
2019-03-21,2018-11-26 00:00:00,106,4143,2.5585324643977794
2019-03-22,2018-11-26 00:00:00,101,4143,2.4378469707941104
2019-03-23,2018-11-26 00:00:00,34,4143,0.8206613565049481
2019-03-24,2018-11-26 00:00:00,56,4143,1.3516775283610911
2019-03-25,2018-11-26 00:00:00,100,4143,2.4137098720733765
2019-03-26,2018-11-26 00:00:00,91,4143,2.196475983586773
2019-03-27,2018-11-26 00:00:00,104,4143,2.510258266956312
2019-03-28,2018-11-26 00:00:00,99,4143,2.389572773352643
2019-03-29,2018-11-26 00:00:00,85,4143,2.05165339126237
2019-03-30,2018-11-26 00:00:00,48,4143,1.1585807385952207
2019-03-31,2018-11-26 00:00:00,45,4143,1.0861694424330195
2019-04-01,2018-11-26 00:00:00,122,4143,2.9447260439295198
2019-04-02,2018-11-26 00:00:00,119,4143,2.8723147477673185
2019-04-03,2018-11-26 00:00:00,100,4143,2.4137098720733765
2019-04-04,2018-11-26 00:00:00,81,4143,1.9551049963794351
2019-04-05,2018-11-26 00:00:00,78,4143,1.8826937002172341
2019-04-06,2018-11-26 00:00:00,39,4143,0.9413468501086171
2019-04-07,2018-11-26 00:00:00,45,4143,1.0861694424330195
2019-04-08,2018-11-26 00:00:00,96,4143,2.3171614771904414
2019-04-09,2018-11-26 00:00:00,85,4143,2.05165339126237
2019-04-10,2018-11-26 00:00:00,96,4143,2.3171614771904414
2019-04-11,2018-11-26 00:00:00,94,4143,2.2688872797489745
2019-04-12,2018-11-26 00:00:00,86,4143,2.075790489983104
2019-04-13,2018-11-26 00:00:00,46,4143,1.1103065411537534
2019-04-14,2018-11-26 00:00:00,43,4143,1.037895244991552
2019-04-15,2018-11-26 00:00:00,87,4143,2.0999275887038378
2019-04-16,2018-11-26 00:00:00,98,4143,2.365435674631909
2019-04-17,2018-11-26 00:00:00,97,4143,2.3412985759111753
2019-04-18,2018-11-26 00:00:00,80,4143,1.9309678976587012
2019-04-19,2018-11-26 00:00:00,55,4143,1.3275404296403572
2019-04-20,2018-11-26 00:00:00,37,4143,0.8930726526671494
2019-04-21,2018-11-26 00:00:00,31,4143,0.7482500603427468
2019-04-22,2018-11-26 00:00:00,77,4143,1.8585566014965003
2019-04-23,2018-11-26 00:00:00,91,4143,2.196475983586773
2019-04-24,2018-11-26 00:00:00,89,4143,2.1482017861453055
2019-04-25,2018-11-26 00:00:00,81,4143,1.9551049963794351
2019-04-26,2018-11-26 00:00:00,76,4143,1.8344195027757664
2019-04-27,2018-11-26 00:00:00,27,4143,0.6517016654598118
2019-04-28,2018-11-26 00:00:00,49,4143,1.1827178373159546
2019-04-29,2018-11-26 00:00:00,89,4143,2.1482017861453055
2019-04-30,2018-11-26 00:00:00,92,4143,2.2206130823075068
2019-05-01,2018-11-26 00:00:00,100,4143,2.4137098720733765
2019-05-02,2018-11-26 00:00:00,75,4143,1.8102824040550327
2019-05-03,2018-11-26 00:00:00,70,4143,1.6895969104513637
2019-05-04,2018-11-26 00:00:00,43,4143,1.037895244991552
2019-05-05,2018-11-26 00:00:00,34,4143,0.8206613565049481
2019-05-06,2018-11-26 00:00:00,88,4143,2.1240646874245717
2019-05-07,2018-11-26 00:00:00,97,4143,2.3412985759111753
2019-05-08,2018-11-26 00:00:00,93,4143,2.2447501810282406
2019-05-09,2018-11-26 00:00:00,85,4143,2.05165339126237
2019-05-10,2018-11-26 00:00:00,86,4143,2.075790489983104
2019-05-11,2018-11-26 00:00:00,30,4143,0.724112961622013
2019-05-12,2018-11-26 00:00:00,39,4143,0.9413468501086171
2019-05-13,2018-11-26 00:00:00,84,4143,2.0275162925416366
2019-05-14,2018-11-26 00:00:00,87,4143,2.0999275887038378
2019-05-15,2018-11-26 00:00:00,81,4143,1.9551049963794351
2019-05-16,2018-11-26 00:00:00,85,4143,2.05165339126237
2019-05-17,2018-11-26 00:00:00,86,4143,2.075790489983104
2019-05-18,2018-11-26 00:00:00,37,4143,0.8930726526671494
2019-05-19,2018-11-26 00:00:00,33,4143,0.7965242577842143
2019-05-20,2018-11-26 00:00:00,99,4143,2.389572773352643
2019-05-21,2018-11-26 00:00:00,113,4143,2.7274921554429157
2019-05-22,2018-11-26 00:00:00,94,4143,2.2688872797489745
2019-05-23,2018-11-26 00:00:00,94,4143,2.2688872797489745
2019-05-24,2018-11-26 00:00:00,83,4143,2.0033791938209027
2019-05-25,2018-11-26 00:00:00,46,4143,1.1103065411537534
2019-05-26,2018-11-26 00:00:00,34,4143,0.8206613565049481
2019-05-27,2018-11-26 00:00:00,63,4143,1.5206372194062274
2019-05-28,2018-11-26 00:00:00,102,4143,2.4619840695148443
2019-05-29,2018-11-26 00:00:00,87,4143,2.0999275887038378
2019-05-30,2018-11-26 00:00:00,84,4143,2.0275162925416366
2019-05-31,2018-11-26 00:00:00,73,4143,1.7620082066135652
2019-06-01,2018-11-26 00:00:00,36,4143,0.8689355539464156
2019-06-02,2018-11-26 00:00:00,30,4143,0.724112961622013
2019-06-03,2018-11-26 00:00:00,112,4143,2.7033550567221822
2019-06-04,2018-11-26 00:00:00,95,4143,2.293024378469708
2019-06-05,2018-11-26 00:00:00,74,4143,1.7861453053342988
2019-06-06,2018-11-26 00:00:00,87,4143,2.0999275887038378
2019-06-07,2018-11-26 00:00:00,50,4143,1.2068549360366883
2019-06-08,2018-11-26 00:00:00,35,4143,0.8447984552256819
2019-06-09,2018-11-26 00:00:00,35,4143,0.8447984552256819
2019-06-10,2018-11-26 00:00:00,82,4143,1.9792420951001688
2019-06-11,2018-11-26 00:00:00,80,4143,1.9309678976587012
2019-06-12,2018-11-26 00:00:00,73,4143,1.7620082066135652
2019-06-13,2018-11-26 00:00:00,82,4143,1.9792420951001688
2019-06-14,2018-11-26 00:00:00,83,4143,2.0033791938209027
2019-06-15,2018-11-26 00:00:00,28,4143,0.6758387641805456
2019-06-16,2018-11-26 00:00:00,33,4143,0.7965242577842143
2019-06-17,2018-11-26 00:00:00,87,4143,2.0999275887038378
2019-06-18,2018-11-26 00:00:00,78,4143,1.8826937002172341
2019-06-19,2018-11-26 00:00:00,93,4143,2.2447501810282406
2019-06-20,2018-11-26 00:00:00,67,4143,1.6171856142891623
2019-06-21,2018-11-26 00:00:00,61,4143,1.4723630219647599
2019-06-22,2018-11-26 00:00:00,30,4143,0.724112961622013
2019-06-23,2018-11-26 00:00:00,39,4143,0.9413468501086171
2019-06-24,2018-11-26 00:00:00,78,4143,1.8826937002172341
2019-06-25,2018-11-26 00:00:00,76,4143,1.8344195027757664
2019-06-26,2018-11-26 00:00:00,79,4143,1.9068307989379676
2019-06-27,2018-11-26 00:00:00,66,4143,1.5930485155684286
2019-06-28,2018-11-26 00:00:00,74,4143,1.7861453053342988
2019-06-29,2018-11-26 00:00:00,38,4143,0.9172097513878832
2019-06-30,2018-11-26 00:00:00,37,4143,0.8930726526671494
2019-07-01,2018-11-26 00:00:00,67,4143,1.6171856142891623
2019-07-02,2018-11-26 00:00:00,103,4143,2.486121168235578
2019-07-03,2018-11-26 00:00:00,91,4143,2.196475983586773
2019-07-04,2018-11-26 00:00:00,54,4143,1.3034033309196236
2019-07-05,2018-11-26 00:00:00,57,4143,1.3758146270818248
2019-07-06,2018-11-26 00:00:00,27,4143,0.6517016654598118
2019-07-07,2018-11-26 00:00:00,38,4143,0.9172097513878832
2019-07-08,2018-11-26 00:00:00,94,4143,2.2688872797489745
2019-07-09,2018-11-26 00:00:00,95,4143,2.293024378469708
2019-07-10,2018-11-26 00:00:00,90,4143,2.172338884866039
2019-07-11,2018-11-26 00:00:00,72,4143,1.7378711078928313
2019-07-12,2018-11-26 00:00:00,56,4143,1.3516775283610911
2019-07-13,2018-11-26 00:00:00,29,4143,0.6999758629012792
2019-07-14,2018-11-26 00:00:00,31,4143,0.7482500603427468
2019-07-15,2018-11-26 00:00:00,78,4143,1.8826937002172341
2019-07-16,2018-11-26 00:00:00,82,4143,1.9792420951001688
2019-07-17,2018-11-26 00:00:00,79,4143,1.9068307989379676
2019-07-18,2018-11-26 00:00:00,86,4143,2.075790489983104
2019-07-19,2018-11-26 00:00:00,69,4143,1.66545981173063
2019-07-20,2018-11-26 00:00:00,35,4143,0.8447984552256819
2019-07-21,2018-11-26 00:00:00,38,4143,0.9172097513878832
2019-07-22,2018-11-26 00:00:00,96,4143,2.3171614771904414
2019-07-23,2018-11-26 00:00:00,75,4143,1.8102824040550327
2019-07-24,2018-11-26 00:00:00,78,4143,1.8826937002172341
2019-07-25,2018-11-26 00:00:00,74,4143,1.7861453053342988
2019-07-26,2018-11-26 00:00:00,65,4143,1.5689114168476948
2019-07-27,2018-11-26 00:00:00,30,4143,0.724112961622013
2019-07-28,2018-11-26 00:00:00,37,4143,0.8930726526671494
2019-07-29,2018-11-26 00:00:00,86,4143,2.075790489983104
2019-07-30,2018-11-26 00:00:00,103,4143,2.486121168235578
2019-07-31,2018-11-26 00:00:00,88,4143,2.1240646874245717
2019-08-01,2018-11-26 00:00:00,75,4143,1.8102824040550327
2019-08-02,2018-11-26 00:00:00,77,4143,1.8585566014965003
2019-08-03,2018-11-26 00:00:00,35,4143,0.8447984552256819
2019-08-04,2018-11-26 00:00:00,34,4143,0.8206613565049481
2019-08-05,2018-11-26 00:00:00,85,4143,2.05165339126237
2019-08-06,2018-11-26 00:00:00,88,4143,2.1240646874245717
2019-08-07,2018-11-26 00:00:00,90,4143,2.172338884866039
2019-08-08,2018-11-26 00:00:00,84,4143,2.0275162925416366
2019-08-09,2018-11-26 00:00:00,70,4143,1.6895969104513637
2019-08-10,2018-11-26 00:00:00,35,4143,0.8447984552256819
2019-08-11,2018-11-26 00:00:00,36,4143,0.8689355539464156
2019-08-12,2018-11-26 00:00:00,87,4143,2.0999275887038378
2019-08-13,2018-11-26 00:00:00,66,4143,1.5930485155684286
2019-08-14,2018-11-26 00:00:00,78,4143,1.8826937002172341
2019-08-15,2018-11-26 00:00:00,35,4143,0.8447984552256819
2018-12-03,2018-12-03 00:00:00,708,3683,19.223459136573446
2018-12-04,2018-12-03 00:00:00,674,3683,18.300298669562856
2018-12-05,2018-12-03 00:00:00,667,3683,18.11023622047244
2018-12-06,2018-12-03 00:00:00,694,3683,18.843334238392615
2018-12-07,2018-12-03 00:00:00,665,3683,18.055932663589466
2018-12-08,2018-12-03 00:00:00,447,3683,12.1368449633451
2018-12-09,2018-12-03 00:00:00,403,3683,10.942166711919631
2018-12-10,2018-12-03 00:00:00,207,3683,5.620418137387999
2018-12-11,2018-12-03 00:00:00,186,3683,5.0502307901167525
2018-12-12,2018-12-03 00:00:00,171,3683,4.642954113494434
2018-12-13,2018-12-03 00:00:00,175,3683,4.751561227260385
2018-12-14,2018-12-03 00:00:00,140,3683,3.8012489818083086
2018-12-15,2018-12-03 00:00:00,86,3683,2.335052945967961
2018-12-16,2018-12-03 00:00:00,70,3683,1.9006244909041543
2018-12-17,2018-12-03 00:00:00,144,3683,3.90985609557426
2018-12-18,2018-12-03 00:00:00,163,3683,4.42573988596253
2018-12-19,2018-12-03 00:00:00,133,3683,3.611186532717893
2018-12-20,2018-12-03 00:00:00,141,3683,3.8284007602497963
2018-12-21,2018-12-03 00:00:00,114,3683,3.0953027423296224
2018-12-22,2018-12-03 00:00:00,61,3683,1.6562584849307629
2018-12-23,2018-12-03 00:00:00,65,3683,1.7648655986967146
2018-12-24,2018-12-03 00:00:00,57,3683,1.5476513711648112
2018-12-25,2018-12-03 00:00:00,44,3683,1.1946782514254684
2018-12-26,2018-12-03 00:00:00,86,3683,2.335052945967961
2018-12-27,2018-12-03 00:00:00,103,3683,2.7966331794732553
2018-12-28,2018-12-03 00:00:00,101,3683,2.7423296225902796
2018-12-29,2018-12-03 00:00:00,75,3683,2.036383383111594
2018-12-30,2018-12-03 00:00:00,51,3683,1.3847407005158838
2018-12-31,2018-12-03 00:00:00,75,3683,2.036383383111594
2019-01-01,2018-12-03 00:00:00,54,3683,1.4661960358403476
2019-01-02,2018-12-03 00:00:00,134,3683,3.638338311159381
2019-01-03,2018-12-03 00:00:00,137,3683,3.719793646483845
2019-01-04,2018-12-03 00:00:00,102,3683,2.7694814010317677
2019-01-05,2018-12-03 00:00:00,63,3683,1.7105620418137388
2019-01-06,2018-12-03 00:00:00,73,3683,1.982079826228618
2019-01-07,2018-12-03 00:00:00,139,3683,3.7740972033668205
2019-01-08,2018-12-03 00:00:00,133,3683,3.611186532717893
2019-01-09,2018-12-03 00:00:00,93,3683,2.5251153950583762
2019-01-10,2018-12-03 00:00:00,106,3683,2.878088514797719
2019-01-11,2018-12-03 00:00:00,98,3683,2.6608742872658158
2019-01-12,2018-12-03 00:00:00,55,3683,1.4933478142818355
2019-01-13,2018-12-03 00:00:00,53,3683,1.4390442573988595
2019-01-14,2018-12-03 00:00:00,104,3683,2.8237849579147434
2019-01-15,2018-12-03 00:00:00,98,3683,2.6608742872658158
2019-01-16,2018-12-03 00:00:00,108,3683,2.9323920716806953
2019-01-17,2018-12-03 00:00:00,103,3683,2.7966331794732553
2019-01-18,2018-12-03 00:00:00,104,3683,2.8237849579147434
2019-01-19,2018-12-03 00:00:00,49,3683,1.3304371436329079
2019-01-20,2018-12-03 00:00:00,56,3683,1.5204995927233234
2019-01-21,2018-12-03 00:00:00,106,3683,2.878088514797719
2019-01-22,2018-12-03 00:00:00,93,3683,2.5251153950583762
2019-01-23,2018-12-03 00:00:00,112,3683,3.0409991854466467
2019-01-24,2018-12-03 00:00:00,104,3683,2.8237849579147434
2019-01-25,2018-12-03 00:00:00,82,3683,2.226445832202009
2019-01-26,2018-12-03 00:00:00,35,3683,0.9503122454520772
2019-01-27,2018-12-03 00:00:00,52,3683,1.4118924789573717
2019-01-28,2018-12-03 00:00:00,123,3683,3.339668748303014
2019-01-29,2018-12-03 00:00:00,95,3683,2.579418951941352
2019-01-30,2018-12-03 00:00:00,105,3683,2.8509367363562315
2019-01-31,2018-12-03 00:00:00,102,3683,2.7694814010317677
2019-02-01,2018-12-03 00:00:00,98,3683,2.6608742872658158
2019-02-02,2018-12-03 00:00:00,53,3683,1.4390442573988595
2019-02-03,2018-12-03 00:00:00,49,3683,1.3304371436329079
2019-02-04,2018-12-03 00:00:00,92,3683,2.4979636166168886
2019-02-05,2018-12-03 00:00:00,81,3683,2.1992940537605215
2019-02-06,2018-12-03 00:00:00,111,3683,3.0138474070051586
2019-02-07,2018-12-03 00:00:00,93,3683,2.5251153950583762
2019-02-08,2018-12-03 00:00:00,77,3683,2.0906869399945696
2019-02-09,2018-12-03 00:00:00,42,3683,1.1403746945424924
2019-02-10,2018-12-03 00:00:00,44,3683,1.1946782514254684
2019-02-11,2018-12-03 00:00:00,96,3683,2.60657073038284
2019-02-12,2018-12-03 00:00:00,95,3683,2.579418951941352
2019-02-13,2018-12-03 00:00:00,98,3683,2.6608742872658158
2019-02-14,2018-12-03 00:00:00,74,3683,2.0092316046701058
2019-02-15,2018-12-03 00:00:00,91,3683,2.4708118381754005
2019-02-16,2018-12-03 00:00:00,59,3683,1.6019549280477872
2019-02-17,2018-12-03 00:00:00,49,3683,1.3304371436329079
2019-02-18,2018-12-03 00:00:00,97,3683,2.633722508824328
2019-02-19,2018-12-03 00:00:00,105,3683,2.8509367363562315
2019-02-20,2018-12-03 00:00:00,103,3683,2.7966331794732553
2019-02-21,2018-12-03 00:00:00,95,3683,2.579418951941352
2019-02-22,2018-12-03 00:00:00,89,3683,2.416508281292425
2019-02-23,2018-12-03 00:00:00,41,3683,1.1132229161010045
2019-02-24,2018-12-03 00:00:00,40,3683,1.0860711376595167
2019-02-25,2018-12-03 00:00:00,119,3683,3.231061634537062
2019-02-26,2018-12-03 00:00:00,110,3683,2.986695628563671
2019-02-27,2018-12-03 00:00:00,81,3683,2.1992940537605215
2019-02-28,2018-12-03 00:00:00,115,3683,3.1224545207711105
2019-03-01,2018-12-03 00:00:00,99,3683,2.688026065707304
2019-03-02,2018-12-03 00:00:00,36,3683,0.977464023893565
2019-03-03,2018-12-03 00:00:00,54,3683,1.4661960358403476
2019-03-04,2018-12-03 00:00:00,102,3683,2.7694814010317677
2019-03-05,2018-12-03 00:00:00,94,3683,2.5522671734998643
2019-03-06,2018-12-03 00:00:00,91,3683,2.4708118381754005
2019-03-07,2018-12-03 00:00:00,80,3683,2.1721422753190334
2019-03-08,2018-12-03 00:00:00,69,3683,1.8734727124626662
2019-03-09,2018-12-03 00:00:00,52,3683,1.4118924789573717
2019-03-10,2018-12-03 00:00:00,42,3683,1.1403746945424924
2019-03-11,2018-12-03 00:00:00,84,3683,2.280749389084985
2019-03-12,2018-12-03 00:00:00,77,3683,2.0906869399945696
2019-03-13,2018-12-03 00:00:00,90,3683,2.4436600597339124
2019-03-14,2018-12-03 00:00:00,38,3683,1.031767580776541
2019-03-15,2018-12-03 00:00:00,68,3683,1.8463209340211784
2019-03-16,2018-12-03 00:00:00,36,3683,0.977464023893565
2019-03-17,2018-12-03 00:00:00,42,3683,1.1403746945424924
2019-03-18,2018-12-03 00:00:00,87,3683,2.3622047244094486
2019-03-19,2018-12-03 00:00:00,89,3683,2.416508281292425
2019-03-20,2018-12-03 00:00:00,79,3683,2.1449904968775453
2019-03-21,2018-12-03 00:00:00,69,3683,1.8734727124626662
2019-03-22,2018-12-03 00:00:00,70,3683,1.9006244909041543
2019-03-23,2018-12-03 00:00:00,46,3683,1.2489818083084443
2019-03-24,2018-12-03 00:00:00,34,3683,0.9231604670105892
2019-03-25,2018-12-03 00:00:00,83,3683,2.253597610643497
2019-03-26,2018-12-03 00:00:00,88,3683,2.3893565028509367
2019-03-27,2018-12-03 00:00:00,86,3683,2.335052945967961
2019-03-28,2018-12-03 00:00:00,72,3683,1.95492804778713
2019-03-29,2018-12-03 00:00:00,85,3683,2.307901167526473
2019-03-30,2018-12-03 00:00:00,38,3683,1.031767580776541
2019-03-31,2018-12-03 00:00:00,47,3683,1.2761335867499322
2019-04-01,2018-12-03 00:00:00,100,3683,2.7151778441487915
2019-04-02,2018-12-03 00:00:00,91,3683,2.4708118381754005
2019-04-03,2018-12-03 00:00:00,85,3683,2.307901167526473
2019-04-04,2018-12-03 00:00:00,90,3683,2.4436600597339124
2019-04-05,2018-12-03 00:00:00,83,3683,2.253597610643497
2019-04-06,2018-12-03 00:00:00,39,3683,1.0589193592180288
2019-04-07,2018-12-03 00:00:00,36,3683,0.977464023893565
2019-04-08,2018-12-03 00:00:00,85,3683,2.307901167526473
2019-04-09,2018-12-03 00:00:00,83,3683,2.253597610643497
2019-04-10,2018-12-03 00:00:00,84,3683,2.280749389084985
2019-04-11,2018-12-03 00:00:00,86,3683,2.335052945967961
2019-04-12,2018-12-03 00:00:00,73,3683,1.982079826228618
2019-04-13,2018-12-03 00:00:00,32,3683,0.8688569101276133
2019-04-14,2018-12-03 00:00:00,34,3683,0.9231604670105892
2019-04-15,2018-12-03 00:00:00,75,3683,2.036383383111594
2019-04-16,2018-12-03 00:00:00,74,3683,2.0092316046701058
2019-04-17,2018-12-03 00:00:00,75,3683,2.036383383111594
2019-04-18,2018-12-03 00:00:00,66,3683,1.7920173771382024
2019-04-19,2018-12-03 00:00:00,61,3683,1.6562584849307629
2019-04-20,2018-12-03 00:00:00,45,3683,1.2218300298669562
2019-04-21,2018-12-03 00:00:00,33,3683,0.8960086885691012
2019-04-22,2018-12-03 00:00:00,63,3683,1.7105620418137388
2019-04-23,2018-12-03 00:00:00,76,3683,2.063535161553082
2019-04-24,2018-12-03 00:00:00,83,3683,2.253597610643497
2019-04-25,2018-12-03 00:00:00,77,3683,2.0906869399945696
2019-04-26,2018-12-03 00:00:00,55,3683,1.4933478142818355
2019-04-27,2018-12-03 00:00:00,40,3683,1.0860711376595167
2019-04-28,2018-12-03 00:00:00,39,3683,1.0589193592180288
2019-04-29,2018-12-03 00:00:00,83,3683,2.253597610643497
2019-04-30,2018-12-03 00:00:00,81,3683,2.1992940537605215
2019-05-01,2018-12-03 00:00:00,79,3683,2.1449904968775453
2019-05-02,2018-12-03 00:00:00,79,3683,2.1449904968775453
2019-05-03,2018-12-03 00:00:00,75,3683,2.036383383111594
2019-05-04,2018-12-03 00:00:00,44,3683,1.1946782514254684
2019-05-05,2018-12-03 00:00:00,43,3683,1.1675264729839805
2019-05-06,2018-12-03 00:00:00,83,3683,2.253597610643497
2019-05-07,2018-12-03 00:00:00,67,3683,1.8191691555796905
2019-05-08,2018-12-03 00:00:00,95,3683,2.579418951941352
2019-05-09,2018-12-03 00:00:00,78,3683,2.1178387184360576
2019-05-10,2018-12-03 00:00:00,81,3683,2.1992940537605215
2019-05-11,2018-12-03 00:00:00,30,3683,0.8145533532446375
2019-05-12,2018-12-03 00:00:00,33,3683,0.8960086885691012
2019-05-13,2018-12-03 00:00:00,98,3683,2.6608742872658158
2019-05-14,2018-12-03 00:00:00,80,3683,2.1721422753190334
2019-05-15,2018-12-03 00:00:00,99,3683,2.688026065707304
2019-05-16,2018-12-03 00:00:00,92,3683,2.4979636166168886
2019-05-17,2018-12-03 00:00:00,74,3683,2.0092316046701058
2019-05-18,2018-12-03 00:00:00,34,3683,0.9231604670105892
2019-05-19,2018-12-03 00:00:00,34,3683,0.9231604670105892
2019-05-20,2018-12-03 00:00:00,75,3683,2.036383383111594
2019-05-21,2018-12-03 00:00:00,82,3683,2.226445832202009
2019-05-22,2018-12-03 00:00:00,89,3683,2.416508281292425
2019-05-23,2018-12-03 00:00:00,68,3683,1.8463209340211784
2019-05-24,2018-12-03 00:00:00,74,3683,2.0092316046701058
2019-05-25,2018-12-03 00:00:00,29,3683,0.7874015748031495
2019-05-26,2018-12-03 00:00:00,33,3683,0.8960086885691012
2019-05-27,2018-12-03 00:00:00,57,3683,1.5476513711648112
2019-05-28,2018-12-03 00:00:00,105,3683,2.8509367363562315
2019-05-29,2018-12-03 00:00:00,82,3683,2.226445832202009
2019-05-30,2018-12-03 00:00:00,84,3683,2.280749389084985
2019-05-31,2018-12-03 00:00:00,71,3683,1.9277762693456422
2019-06-01,2018-12-03 00:00:00,39,3683,1.0589193592180288
2019-06-02,2018-12-03 00:00:00,39,3683,1.0589193592180288
2019-06-03,2018-12-03 00:00:00,93,3683,2.5251153950583762
2019-06-04,2018-12-03 00:00:00,81,3683,2.1992940537605215
2019-06-05,2018-12-03 00:00:00,86,3683,2.335052945967961
2019-06-06,2018-12-03 00:00:00,60,3683,1.629106706489275
2019-06-07,2018-12-03 00:00:00,59,3683,1.6019549280477872
2019-06-08,2018-12-03 00:00:00,28,3683,0.7602497963616617
2019-06-09,2018-12-03 00:00:00,30,3683,0.8145533532446375
2019-06-10,2018-12-03 00:00:00,77,3683,2.0906869399945696
2019-06-11,2018-12-03 00:00:00,80,3683,2.1721422753190334
2019-06-12,2018-12-03 00:00:00,67,3683,1.8191691555796905
2019-06-13,2018-12-03 00:00:00,83,3683,2.253597610643497
2019-06-14,2018-12-03 00:00:00,60,3683,1.629106706489275
2019-06-15,2018-12-03 00:00:00,20,3683,0.5430355688297583
2019-06-16,2018-12-03 00:00:00,22,3683,0.5973391257127342
2019-06-17,2018-12-03 00:00:00,73,3683,1.982079826228618
2019-06-18,2018-12-03 00:00:00,83,3683,2.253597610643497
2019-06-19,2018-12-03 00:00:00,76,3683,2.063535161553082
2019-06-20,2018-12-03 00:00:00,61,3683,1.6562584849307629
2019-06-21,2018-12-03 00:00:00,60,3683,1.629106706489275
2019-06-22,2018-12-03 00:00:00,30,3683,0.8145533532446375
2019-06-23,2018-12-03 00:00:00,29,3683,0.7874015748031495
2019-06-24,2018-12-03 00:00:00,81,3683,2.1992940537605215
2019-06-25,2018-12-03 00:00:00,80,3683,2.1721422753190334
2019-06-26,2018-12-03 00:00:00,69,3683,1.8734727124626662
2019-06-27,2018-12-03 00:00:00,50,3683,1.3575889220743957
2019-06-28,2018-12-03 00:00:00,49,3683,1.3304371436329079
2019-06-29,2018-12-03 00:00:00,24,3683,0.65164268259571
2019-06-30,2018-12-03 00:00:00,37,3683,1.0046158023350529
2019-07-01,2018-12-03 00:00:00,77,3683,2.0906869399945696
2019-07-02,2018-12-03 00:00:00,86,3683,2.335052945967961
2019-07-03,2018-12-03 00:00:00,77,3683,2.0906869399945696
2019-07-04,2018-12-03 00:00:00,56,3683,1.5204995927233234
2019-07-05,2018-12-03 00:00:00,56,3683,1.5204995927233234
2019-07-06,2018-12-03 00:00:00,22,3683,0.5973391257127342
2019-07-07,2018-12-03 00:00:00,28,3683,0.7602497963616617
2019-07-08,2018-12-03 00:00:00,76,3683,2.063535161553082
2019-07-09,2018-12-03 00:00:00,72,3683,1.95492804778713
2019-07-10,2018-12-03 00:00:00,76,3683,2.063535161553082
2019-07-11,2018-12-03 00:00:00,63,3683,1.7105620418137388
2019-07-12,2018-12-03 00:00:00,54,3683,1.4661960358403476
2019-07-13,2018-12-03 00:00:00,21,3683,0.5701873472712462
2019-07-14,2018-12-03 00:00:00,27,3683,0.7330980179201738
2019-07-15,2018-12-03 00:00:00,71,3683,1.9277762693456422
2019-07-16,2018-12-03 00:00:00,86,3683,2.335052945967961
2019-07-17,2018-12-03 00:00:00,71,3683,1.9277762693456422
2019-07-18,2018-12-03 00:00:00,59,3683,1.6019549280477872
2019-07-19,2018-12-03 00:00:00,53,3683,1.4390442573988595
2019-07-20,2018-12-03 00:00:00,33,3683,0.8960086885691012
2019-07-21,2018-12-03 00:00:00,29,3683,0.7874015748031495
2019-07-22,2018-12-03 00:00:00,90,3683,2.4436600597339124
2019-07-23,2018-12-03 00:00:00,64,3683,1.7377138202552267
2019-07-24,2018-12-03 00:00:00,62,3683,1.683410263372251
2019-07-25,2018-12-03 00:00:00,81,3683,2.1992940537605215
2019-07-26,2018-12-03 00:00:00,63,3683,1.7105620418137388
2019-07-27,2018-12-03 00:00:00,32,3683,0.8688569101276133
2019-07-28,2018-12-03 00:00:00,32,3683,0.8688569101276133
2019-07-29,2018-12-03 00:00:00,67,3683,1.8191691555796905
2019-07-30,2018-12-03 00:00:00,67,3683,1.8191691555796905
2019-07-31,2018-12-03 00:00:00,85,3683,2.307901167526473
2019-08-01,2018-12-03 00:00:00,75,3683,2.036383383111594
2019-08-02,2018-12-03 00:00:00,70,3683,1.9006244909041543
2019-08-03,2018-12-03 00:00:00,28,3683,0.7602497963616617
2019-08-04,2018-12-03 00:00:00,26,3683,0.7059462394786858
2019-08-05,2018-12-03 00:00:00,71,3683,1.9277762693456422
2019-08-06,2018-12-03 00:00:00,64,3683,1.7377138202552267
2019-08-07,2018-12-03 00:00:00,74,3683,2.0092316046701058
2019-08-08,2018-12-03 00:00:00,67,3683,1.8191691555796905
2019-08-09,2018-12-03 00:00:00,68,3683,1.8463209340211784
2019-08-10,2018-12-03 00:00:00,32,3683,0.8688569101276133
2019-08-11,2018-12-03 00:00:00,25,3683,0.6787944610371979
2019-08-12,2018-12-03 00:00:00,69,3683,1.8734727124626662
2019-08-13,2018-12-03 00:00:00,85,3683,2.307901167526473
2019-08-14,2018-12-03 00:00:00,71,3683,1.9277762693456422
2019-08-15,2018-12-03 00:00:00,26,3683,0.7059462394786858
