driver_id,avg_distance,avg_duration,avg_prime_time,avg_trip_revenue,onboarding_cohort,total_week_day_rides,total_week_end_rides,weighted_weekday_rides,weighted_weekend,early_morning_prop,mid_day_prop,early_evening_prop,party_time_prop,late_night_prop,observed_churn
011e5c5dfc5c2c92501b8b24d47509bc,4.928076650010996,14.316176470588237,0.19852941176470587,14.189054559680287,1,18.0,16.0,3.6,8.0,0.0,0.0,0.0,1.0,0.0,True
0213f8b59219e32142711992ca4ec01f,4.0386952696253875,12.491527777777785,0.103125,12.254821476659641,1,199.0,41.0,39.8,20.5,0.0,0.0,0.0,1.0,0.0,True
02e440f6c209206375833cef02e0cbae,5.053911496148208,14.88720238095238,0.14285714285714285,14.005903172348484,0,52.0,4.0,10.4,2.0,0.0,0.0,0.0,1.0,0.0,True
039c5afbca8e03e4c18d9c8ea94140ac,4.015235236743733,13.346491228070173,0.11842105263157894,12.382796201041183,2,29.0,9.0,5.8,4.5,0.0,0.0,0.0,1.0,0.0,True
0430df9a3eb327122c57ee3a64765000,3.6740378052637706,13.813565891472866,0.0755813953488372,11.699833189233017,1,37.0,6.0,7.4,3.0,0.0,0.0,0.0,1.0,0.0,True
04c4ffa5a385eab86fa7e422263d2999,5.266889094958171,17.376969696969695,0.2636363636363636,16.10474041913407,1,36.0,19.0,7.2,9.5,0.0,0.0,0.0,1.0,0.0,True
052bba06c5fc0bdea4bc2f9cb92b37c7,4.014657081217122,13.989880952380954,0.15178571428571427,13.153613441031167,2,33.0,23.0,6.6,11.5,0.0,0.0,0.0,1.0,0.0,True
059ed570673c2d15ca11dd6b3a25513b,6.09269988268512,16.944791666666667,0.1015625,15.771914720609768,6,32.0,,6.4,,0.0,0.0,0.0,1.0,0.0,True
05bad02e08c7f849e91dc1259da8b4ec,5.536700992291971,15.39782608695652,0.16847826086956522,15.443645113623399,6,26.0,20.0,5.2,10.0,0.0,0.0,0.0,1.0,0.0,True
06b1ba06e5505f8218ec8686498f990a,3.1350577400707142,13.29772727272727,0.2727272727272727,12.68269627387421,6,42.0,2.0,8.4,1.0,0.0,0.0,0.0,1.0,0.0,True
07e6a2fdaadc640cca9a7bec41351065,2.996110668242916,11.53560606060606,0.17045454545454544,11.494860374164876,6,11.0,11.0,2.2,5.5,0.0,0.0,0.0,1.0,0.0,True
0822973f3e812a68a867962dbbd37f5d,3.104491298593988,11.79814814814815,0.1597222222222222,11.088458010841686,5,25.0,11.0,5.0,5.5,0.0,0.0,0.0,1.0,0.0,True
0abc4faab8bbdf4d62412655fe0a2398,3.478841176226489,11.366666666666667,0.23369565217391305,12.557464424554084,5,37.0,9.0,7.4,4.5,0.0,0.0,0.0,1.0,0.0,True
0b10af0ede0648dbe6ae05813c5cbf1b,3.7923428493388096,10.561842105263159,0.17105263157894737,11.843777077001889,6,24.0,14.0,4.8,7.0,0.0,0.0,0.0,1.0,0.0,True
0eff1404b137a5562642f0f706e59f25,3.2648085182534006,11.054444444444446,0.06111111111111111,10.28941442652686,0,34.0,11.0,6.8,5.5,0.0,0.0,0.0,1.0,0.0,True
10ab4d373b29fb6ee31ae2b7b39fc574,5.961862411019645,15.401041666666666,0.140625,16.37759414860962,6,7.0,25.0,1.4,12.5,0.0,0.0,0.0,1.0,0.0,True
10d2c35bb4b440aa1eaf06d477ff27a6,7.42049244909727,18.225416666666675,0.16875,18.391183454500712,6,38.0,2.0,7.6,1.0,0.0,0.0,0.0,1.0,0.0,True
1110d496149d3d8c50276765924df831,2.741534083807706,15.046428571428569,0.11607142857142858,11.291619614487113,0,28.0,,5.6,,0.0,0.0,0.0,1.0,0.0,True
117ea72f13b43f0f4055b0472dcb6b1b,5.182759003210721,15.540350877192981,0.013157894736842105,13.223652985250348,4,34.0,4.0,6.8,2.0,0.0,0.0,0.0,1.0,0.0,True
118be60e268514eb85f66ddb82bfa407,6.013534802904881,14.408974358974357,0.11538461538461539,15.032474414164868,6,32.0,7.0,6.4,3.5,0.0,0.0,0.0,1.0,0.0,True
122972e7c73c944e744e6eca819d93e7,4.5758395967549506,13.475833333333332,0.1125,12.75334564940746,3,38.0,2.0,7.6,1.0,0.0,0.0,0.0,1.0,0.0,True
133c19880625cbe91986ee3c402866cd,3.6756908283077805,17.243137254901956,0.18137254901960784,13.69077851382242,4,48.0,3.0,9.6,1.5,0.0,0.0,0.0,1.0,0.0,True
14183e69946d782c92eb53b3c6eeb86f,3.0517869392746353,14.65208333333333,0.3229166666666667,13.001483969969543,0,18.0,6.0,3.6,3.0,0.0,0.0,0.0,1.0,0.0,True
148fb453d12992652b56d8bc2cfb1b78,3.2496642024370774,11.45862068965517,0.12931034482758622,11.10129934518618,2,15.0,14.0,3.0,7.0,0.0,0.0,0.0,1.0,0.0,True
156a150f1dbafbb01a786a5f45bdd7b6,3.3152836299646427,11.756060606060606,0.11931818181818182,10.861319372252407,1,31.0,13.0,6.2,6.5,0.0,0.0,0.0,1.0,0.0,True
162441a5f1b85a5c3780686296c3bc75,6.646049873616132,16.222764227642273,0.11585365853658537,16.483626435519003,3,30.0,11.0,6.0,5.5,0.0,0.0,0.0,1.0,0.0,True
163b1ac215580e695280d8f94c687ef4,4.937750078005982,12.12205128205128,0.06538461538461539,13.05707949008559,3,31.0,34.0,6.2,17.0,0.0,0.0,0.0,1.0,0.0,True
1674103b16c39ab56a76884b7c2ca83e,4.076214662120345,13.899808429118766,0.1257183908045977,12.661664826286614,3,252.0,96.0,50.4,48.0,0.0,0.0,0.0,1.0,0.0,True
16cd1e08be52741e1516cade45ae7754,6.065387562862393,14.5568306010929,0.0942622950819672,15.676188635377592,5,55.0,6.0,11.0,3.0,0.0,0.0,0.0,1.0,0.0,True
173a168d2b8830525f59be85a35f0000,2.9743894341257575,12.703070175438599,0.02631578947368421,10.237319443528735,0,38.0,,7.6,,0.0,0.0,0.0,1.0,0.0,True
179ef343f855d34fa0262c720cdb9a52,3.900968344865983,11.857142857142858,0.20238095238095238,12.745817684721224,6,11.0,10.0,2.2,5.0,0.0,0.0,0.0,1.0,0.0,True
1805f90c5220ac830835df3309a76e78,4.977418363245134,16.563063063063062,0.14189189189189189,14.763959913832942,1,34.0,3.0,6.8,1.5,0.0,0.0,0.0,1.0,0.0,True
181396b71a4723deaa02c3dd3ffa9041,4.9934654764324495,14.955555555555557,0.1527777777777778,14.234733027959306,1,29.0,25.0,5.8,12.5,0.0,0.0,0.0,1.0,0.0,True
19029e596b5c3e45cc6b3cca0640fa58,7.298418900288978,15.77222222222222,0.20555555555555555,18.050731777696033,5,21.0,24.0,4.2,12.0,0.0,0.0,0.0,1.0,0.0,True
1936720ce0900cbff6d9114328c84bee,5.390036609278736,11.969871794871791,0.08653846153846154,13.404638147449663,1,23.0,3.0,4.6,1.5,0.0,0.0,0.0,1.0,0.0,True
1aee4c95edf898beee1a8b49a1f898b0,7.199238996344682,16.074710648148148,0.0998263888888889,16.7558006737269,1,203.0,85.0,40.6,42.5,0.0,0.0,0.0,1.0,0.0,True
1b51afba3b72e0259db160170f824f95,4.10759635293865,13.610821484992101,0.14454976303317535,12.615031277034058,1,160.0,51.0,32.0,25.5,0.0,0.0,0.0,1.0,0.0,True
1c44fab20b7f0804c11d88dc0554edf4,4.182752602848147,13.06422764227642,0.1951219512195122,12.830023230977439,6,39.0,2.0,7.8,1.0,0.0,0.0,0.0,1.0,0.0,True
1c95fcac4de21d077072da1ea1705eb5,3.3898790323768453,13.364197530864196,0.1111111111111111,11.87371075217029,3,12.0,15.0,2.4,7.5,0.0,0.0,0.0,1.0,0.0,True
1cf95d6dd025d792340b623bcff18260,2.998014849095237,12.70736434108527,0.13372093023255813,11.321372022100237,2,29.0,14.0,5.8,7.0,0.0,0.0,0.0,1.0,0.0,True
1eb30783865c10a8abc395e1b73bd578,4.659773529729239,11.521428571428572,0.0625,12.455213640819755,1,15.0,13.0,3.0,6.5,0.0,0.0,0.0,1.0,0.0,True
1f8e4a81c9da3260c84f14483319a338,3.5880655833568316,12.493181818181819,0.14772727272727273,11.591456212141544,3,22.0,22.0,4.4,11.0,0.0,0.0,0.0,1.0,0.0,True
20f5672c1b6a59b9d5ec09a34ad90e9b,4.1385254557826725,14.562222222222223,0.06666666666666667,12.223979336839527,4,41.0,4.0,8.2,2.0,0.0,0.0,0.0,1.0,0.0,True
276f6a36e30c69076c4cab7970ade946,4.747571799737154,18.738888888888887,0.2916666666666667,17.02028032374268,6,32.0,10.0,6.4,5.0,0.0,0.0,0.0,1.0,0.0,True
281274ed70a896744065199c58462f3d,7.675811282940958,18.996874999999996,0.125,18.36087712369139,1,33.0,15.0,6.6,7.5,0.0,0.0,0.0,1.0,0.0,True
28e4da66781b209cd9a299365a0dcab0,3.6136186890780064,13.619753086419758,0.07407407407407407,11.45654360212286,3,20.0,7.0,4.0,3.5,0.0,0.0,0.0,1.0,0.0,True
2a4afd4ab156dd0a6a0dc48bdf5d8db7,4.869952335503517,15.786904761904761,0.16071428571428573,14.088195507876858,5,30.0,12.0,6.0,6.0,0.0,0.0,0.0,1.0,0.0,True
2b1f99b4f3360623da8fdcd39828122e,7.119079937537251,18.12685560053982,0.08704453441295547,16.87152774703625,2,179.0,68.0,35.8,34.0,0.0,0.0,0.0,1.0,0.0,True
2b4078909534095c15f578c588667bc9,4.211208429563799,13.038679245283017,0.1650943396226415,12.764447997046311,5,39.0,14.0,7.8,7.0,0.0,0.0,0.0,1.0,0.0,True
2ba51f9574a5c08327a718edada3e052,4.296657520082716,14.521666666666665,0.14375,12.957542349056506,4,28.0,12.0,5.6,6.0,0.0,0.0,0.0,1.0,0.0,True
2ba60fe37b426385154d69d8eff687e1,3.6293988230684016,12.665853658536587,0.10975609756097561,11.805097346799569,4,37.0,4.0,7.4,2.0,0.0,0.0,0.0,1.0,0.0,True
2c130ea88372d326fb1a0719227627e3,5.179678006026202,16.321627906976737,0.18372093023255814,15.194145495700454,3,143.0,72.0,28.6,36.0,0.0,0.0,0.0,1.0,0.0,True
2cc500616c927ce30d0bd1e87c699ef5,5.539140390706509,16.354901960784314,0.0661764705882353,14.267836665125662,1,31.0,3.0,6.2,1.5,0.0,0.0,0.0,1.0,0.0,True
2da7874cc42c3c94f157bd3fd78369b6,3.245238097614026,14.69965923172243,0.15288104089219332,12.031602496772024,0,350.0,188.0,70.0,94.0,0.0,0.0,0.0,1.0,0.0,True
2ebb15757eae00c4c491f569ca1a72a4,2.9959960302422086,14.015686274509804,0.0661764705882353,10.887610616426537,0,19.0,15.0,3.8,7.5,0.0,0.0,0.0,1.0,0.0,True
2f50e03ac03a920d1447b894643797f6,3.373482456205758,14.385416666666666,0.203125,12.657498750655549,1,26.0,6.0,5.2,3.0,0.0,0.0,0.0,1.0,0.0,True
314d2be0d3461375f9e9ecf56b2b04ee,5.0189672922378215,16.596258503401355,0.04591836734693878,13.601676697829568,4,37.0,12.0,7.4,6.0,0.0,0.0,0.0,1.0,0.0,True
31b451688ffc6f785c22bf74374507bc,4.4414855051378,13.126829268292678,0.18292682926829268,13.68534657563245,4,20.0,21.0,4.0,10.5,0.0,0.0,0.0,1.0,0.0,True
329870cd7580c9efbc6b62073f89b90d,3.7998574436402524,12.58425925925926,0.0787037037037037,11.511605505790625,3,32.0,22.0,6.4,11.0,0.0,0.0,0.0,1.0,0.0,True
32b84f6d92b60badb7a8a6c47088151d,5.787992992717402,13.582478632478633,0.0641025641025641,13.93027254468519,2,22.0,17.0,4.4,8.5,0.0,0.0,0.0,1.0,0.0,True
32d6b6b2ad34385519bd4492ce78eee4,2.5984671929723513,12.341954022988508,0.14655172413793102,10.772581359344187,0,22.0,7.0,4.4,3.5,0.0,0.0,0.0,1.0,0.0,True
336c8ec2eb47bc1453b85ee78849038e,3.511228614613974,14.303359683794463,0.21640316205533597,12.877880418572923,4,147.0,106.0,29.4,53.0,0.0,0.0,0.0,1.0,0.0,True
33b7762088cf5b82b8fe6fc291f93b6b,6.095725960391313,13.602666666666666,0.11,14.61217263600572,2,10.0,15.0,2.0,7.5,0.0,0.0,0.0,1.0,0.0,True
34699d5745d74c7076fd1ef051b795a9,5.301838601850908,16.16785714285714,0.21428571428571427,16.870022940580583,4,56.0,,11.2,,0.0,0.0,0.0,1.0,0.0,True
3474d70dfe09a1d9545f436cd3f3136a,2.428999168664523,12.563095238095238,0.20833333333333334,10.83841865600133,6,42.0,,8.4,,0.0,0.0,0.0,1.0,0.0,True
3575446a7484516f5593add3ddd37451,7.239543317664231,17.51487638533673,0.11381074168797954,17.320955896909872,1,309.0,82.0,61.8,41.0,0.0,0.0,0.0,1.0,0.0,True
367091701b7a57ef3e93c9fe2f6d3b3c,3.4885755822361038,12.053787878787876,0.10795454545454546,11.440711954797619,4,40.0,4.0,8.0,2.0,0.0,0.0,0.0,1.0,0.0,True
370e9f95700973dd95508e2f39b2bd29,4.208645196264343,13.238011695906431,0.08771929824561403,12.172931884330595,3,40.0,17.0,8.0,8.5,0.0,0.0,0.0,1.0,0.0,True
3777e15bb2eb838394a372e119d96462,3.847144743662528,14.648850574712647,0.15517241379310345,13.076132414543887,1,14.0,15.0,2.8,7.5,0.0,0.0,0.0,1.0,0.0,True
37ac4f9379c836b08c9a6e2315fd66af,2.997593485860755,13.789393939393939,0.5738636363636364,15.133286165441547,1,44.0,,8.8,,0.0,0.0,0.0,1.0,0.0,True
392f50e58bee8a34399972bf0cb175d3,3.336951261571922,13.653677342823249,0.3202846975088968,13.393770268314542,4,177.0,104.0,35.4,52.0,0.0,0.0,0.0,1.0,0.0,True
39eedffe18d7ec6c53741f9d46c7ab51,3.708550399003152,12.7750478927203,0.1968390804597701,12.552642362446703,3,248.0,100.0,49.6,50.0,0.0,0.0,0.0,1.0,0.0,True
3a1d9fb7a8cfd55ae38d1b4fb1520d1f,4.226365927176903,14.789720558882232,0.14820359281437126,13.390296903077054,5,271.0,63.0,54.2,31.5,0.0,0.0,0.0,1.0,0.0,True
3b2dca5cc3db92a05ea35056887108b6,4.073016468439698,13.254487179487182,0.07692307692307693,11.832280158011825,1,20.0,6.0,4.0,3.0,0.0,0.0,0.0,1.0,0.0,True
3b6ae24dc593e6609bf90a1b80630439,6.4516760255699905,21.10932203389831,0.07627118644067797,17.319933102040018,3,41.0,18.0,8.2,9.0,0.0,0.0,0.0,1.0,0.0,True
3babf7dbd39edd11603dcd53e50dc050,5.543790927649194,18.063333333333336,0.175,15.790552411748722,6,30.0,,6.0,,0.0,0.0,0.0,1.0,0.0,True
3e8d06b82eb75b584564ce66217b3514,5.025234398032785,16.674999999999986,0.2424812030075188,15.890215276236033,5,242.0,24.0,48.4,12.0,0.0,0.0,0.0,1.0,0.0,True
400daded5197f955191887cd567338ee,6.090488532265684,16.239215686274505,0.14705882352941177,16.12508969383506,2,50.0,18.0,10.0,9.0,0.0,0.0,0.0,1.0,0.0,True
417055c67f5510da99ac623b02b87847,4.3157097167923935,12.042307692307691,0.21794871794871795,14.038373114600477,4,35.0,4.0,7.0,2.0,0.0,0.0,0.0,1.0,0.0,True
419eef26d8db5ccac04bf5d87af8059a,3.7466224720161696,12.148992673992673,0.18956043956043955,12.355165964626464,4,139.0,43.0,27.8,21.5,0.0,0.0,0.0,1.0,0.0,True
42256e33936dfa69088f540a720edc97,4.673119695265364,15.289047619047617,0.25,14.326555697512244,3,,35.0,,17.5,0.0,0.0,0.0,1.0,0.0,True
432754fe9722d008cd7328f34852de61,7.064346625346533,13.952409638554212,0.08132530120481928,16.345524190025433,0,50.0,33.0,10.0,16.5,0.0,0.0,0.0,1.0,0.0,True
4343b3dc4ad77e98d38808b64003bee0,4.062819935231218,14.837290715372905,0.18835616438356165,13.425670902352637,3,154.0,65.0,30.8,32.5,0.0,0.0,0.0,1.0,0.0,True
44198b15df35d0827ebef271b6264727,3.4285180871255254,14.283333333333326,0.1978908188585608,12.697598321176539,2,318.0,85.0,63.6,42.5,0.0,0.0,0.0,1.0,0.0,True
44e9f61af64c2d25412a0f4532ada63c,3.103564015934178,10.452836879432624,0.10638297872340426,10.427727990027602,2,31.0,16.0,6.2,8.0,0.0,0.0,0.0,1.0,0.0,True
455ec8a8532948fe2c5e308af37216a1,4.234725951498102,13.801054852320677,0.20042194092827004,13.771750929917369,2,214.0,23.0,42.8,11.5,0.0,0.0,0.0,1.0,0.0,True
459af73e5a9d360ff51cf284c571f01b,3.5009606398631994,12.45648148148148,0.13194444444444445,11.505379270960367,5,25.0,11.0,5.0,5.5,0.0,0.0,0.0,1.0,0.0,True
45ebd51300bd4bcc529a11a855827db4,3.9165625687163423,13.848156862745096,0.14411764705882352,12.802772497175313,2,358.0,67.0,71.6,33.5,0.0,0.0,0.0,1.0,0.0,True
46b9dc30efea1755f8ada69668793bf5,5.409812942416289,13.614285714285714,0.30357142857142855,15.811437980497463,2,6.0,22.0,1.2,11.0,0.0,0.0,0.0,1.0,0.0,True
46e1da1c7fe0602747beb9fe6bbaf037,3.0290527561465286,11.643939393939396,0.12121212121212122,10.789227074792308,2,24.0,9.0,4.8,4.5,0.0,0.0,0.0,1.0,0.0,True
46fcd24790c5eae35fa517051024bfe7,4.152661210210225,12.82522371364653,0.15268456375838926,12.603812506538983,2,154.0,144.0,30.8,72.0,0.0,0.0,0.0,1.0,0.0,True
4742b3f8432af0165e291edc6b8c5e53,5.686345314790197,15.184013605442171,0.1326530612244898,15.420395483640844,4,30.0,19.0,6.0,9.5,0.0,0.0,0.0,1.0,0.0,True
490a37e876eb5d48f8e56e0d99461b04,5.500688479281,15.768666666666668,0.22,15.21116396032172,4,28.0,22.0,5.6,11.0,0.0,0.0,0.0,1.0,0.0,True
4952bdd8850792b72466848cb4930f10,3.6490639160693643,14.069897209985314,0.22026431718061673,13.10880938088086,3,171.0,56.0,34.2,28.0,0.0,0.0,0.0,1.0,0.0,True
4aa585f63fbe04dcded4019662cc47f8,3.3537770373400297,14.987698412698412,0.13690476190476192,12.365620031456766,2,23.0,19.0,4.6,9.5,0.0,0.0,0.0,1.0,0.0,True
4af6c062ca397fd6b7bd2fb2a91e5964,5.24697558709964,13.288993710691825,0.22641509433962265,14.413717980250054,6,36.0,17.0,7.2,8.5,0.0,0.0,0.0,1.0,0.0,True
4bcc817c8aba8c5569e370b238831e77,3.782769735853725,12.519753086419753,0.06481481481481481,11.403476508302624,6,4.0,23.0,0.8,11.5,0.0,0.0,0.0,1.0,0.0,True
4d10262d534bd366736dcabc8d37a3bb,4.798513235053859,14.274849578820694,0.18050541516245489,14.544842244962709,2,208.0,69.0,41.6,34.5,0.0,0.0,0.0,1.0,0.0,True
4d1e99b879de5fa11e3f5423416f0497,2.8721379405418856,14.720859872611477,0.2213375796178344,12.11742406238491,0,251.0,63.0,50.2,31.5,0.0,0.0,0.0,1.0,0.0,True
4dd633c46b8d78842b1e9dfb7f6a60e7,4.919762178620446,15.71538461538461,0.1282051282051282,14.55689019466062,1,14.0,25.0,2.8,12.5,0.0,0.0,0.0,1.0,0.0,True
4e428667c6bb84323046e5647dfdfff0,5.596690328481665,14.550370370370372,0.07222222222222222,14.023931689488942,4,25.0,20.0,5.0,10.0,0.0,0.0,0.0,1.0,0.0,True
514da6a81ecbe7cd98fc71045c66aae1,3.9059794028678962,13.77741935483871,0.07258064516129033,11.88842449858953,3,21.0,10.0,4.2,5.0,0.0,0.0,0.0,1.0,0.0,True
51b528390e8e7780595f6009b1f4cf72,3.3792521466303445,13.923888888888888,0.23958333333333334,12.57907388366523,5,81.0,159.0,16.2,79.5,0.0,0.0,0.0,1.0,0.0,True
52bc8ebc7db90d5b77453bf475677ebd,3.2281158883186016,14.650709219858152,0.2765957446808511,13.25049914758449,5,44.0,3.0,8.8,1.5,0.0,0.0,0.0,1.0,0.0,True
5420c76a41d255a40272c8f3c1f93c6a,7.092419555510106,15.277777777777779,0.04365079365079365,15.794017640471706,0,42.0,21.0,8.4,10.5,0.0,0.0,0.0,1.0,0.0,True
548a85a2fbb4986fd7a632566e8cb9c3,3.4020580016783626,12.76768707482993,0.0663265306122449,11.002956014122429,0,30.0,19.0,6.0,9.5,0.0,0.0,0.0,1.0,0.0,True
55d7b17732745057aff29fcd0ce13014,3.1895151235702417,16.137837837837836,0.20270270270270271,12.929117950426264,0,19.0,18.0,3.8,9.0,0.0,0.0,0.0,1.0,0.0,True
5718c878f7879770af94d41951431983,3.737834508011672,16.014957264957268,0.21153846153846154,13.8394907618355,3,28.0,11.0,5.6,5.5,0.0,0.0,0.0,1.0,0.0,True
579967d1572ee95c66ffa1ca4077b61a,4.965135552815998,18.410185185185185,0.04861111111111111,13.870911341446508,0,36.0,,7.2,,0.0,0.0,0.0,1.0,0.0,True
57c15602f0b088ce6b9e4f88edce149c,4.1895635610483755,13.251020408163269,0.1836734693877551,13.698208071241499,3,46.0,3.0,9.2,1.5,0.0,0.0,0.0,1.0,0.0,True
583740d998ccdf639276e797a6caa9df,3.5541316914348418,11.940170940170942,0.02564102564102564,10.656263971738381,4,31.0,8.0,6.2,4.0,0.0,0.0,0.0,1.0,0.0,True
58d8c3038cd500e773aff605e28ce8a7,5.598467450091466,12.95166666666667,0.22,15.87734338895848,4,38.0,12.0,7.6,6.0,0.0,0.0,0.0,1.0,0.0,True
5a22303ccd79309f5324acc7b0e751bf,3.013003020692489,13.419444444444444,0.125,11.099443788690714,2,41.0,7.0,8.2,3.5,0.0,0.0,0.0,1.0,0.0,True
5ae3c8ba3ae2b9230664674dadf8535a,3.8642520509680836,16.88313953488373,0.2655038759689923,14.330474288767943,5,150.0,108.0,30.0,54.0,0.0,0.0,0.0,1.0,0.0,True
5c00ecb439cd4e2377e9bb3de84b0e74,4.0902752922930095,15.822666666666667,0.08,12.916290244472279,0,49.0,1.0,9.8,0.5,0.0,0.0,0.0,1.0,0.0,True
5cf93f7d1d3a8f0cf395c84053c31b1b,4.931889728272602,15.30357142857143,0.125,14.853815290400489,3,18.0,10.0,3.6,5.0,0.0,0.0,0.0,1.0,0.0,True
5e5bfc73736d6aa15ac33ea01d47e5ee,3.841416931571237,12.924731182795698,0.1774193548387097,12.686023128077188,6,30.0,1.0,6.0,0.5,0.0,0.0,0.0,1.0,0.0,True
5efe1190183936849880ece11b1ece77,5.092334153375746,15.321769662921357,0.13412921348314608,14.594712868568067,1,291.0,65.0,58.2,32.5,0.0,0.0,0.0,1.0,0.0,True
5f34c8fc5bdd33f14bb71999b8286aef,4.098083322429271,13.999462365591397,0.11290322580645161,12.728570635392531,5,27.0,4.0,5.4,2.0,0.0,0.0,0.0,1.0,0.0,True
604097f005384ad20d982e7584f27c09,5.391174631063679,12.615454545454549,0.32727272727272727,16.762286958706607,5,18.0,37.0,3.6,18.5,0.0,0.0,0.0,1.0,0.0,True
619fb670865cb3e2583cc22fde1337f1,3.1026324919188353,12.939975124378112,0.23059701492537313,11.969897170987855,2,487.0,183.0,97.4,91.5,0.0,0.0,0.0,1.0,0.0,True
6241b9c147df1d0c7027321d4e1d53cf,3.6144274579313938,13.235209235209238,0.2597402597402597,12.965817680729396,5,161.0,70.0,32.2,35.0,0.0,0.0,0.0,1.0,0.0,True
647bd8b8b02c285db177096a351f8e2c,3.743395920763915,15.723039215686272,0.07352941176470588,12.661161124035631,2,34.0,,6.8,,0.0,0.0,0.0,1.0,0.0,True
64e245c2e3f5c7658bc062e9840c04dc,3.7713263774386068,15.059938434476694,0.23680738786279684,13.609233625055786,5,202.0,177.0,40.4,88.5,0.0,0.0,0.0,1.0,0.0,True
66f7bc876e24e26c5d71cb9a2a0e1222,4.496970385257787,16.807589743589748,0.1853846153846154,14.737328775168395,0,225.0,100.0,45.0,50.0,0.0,0.0,0.0,1.0,0.0,True
67771fd10458c38391b55774826e4c34,4.439775264368653,14.671584699453556,0.17008196721311475,13.644190700475889,4,290.0,76.0,58.0,38.0,0.0,0.0,0.0,1.0,0.0,True
685a660507aba9066865ebfd62c48451,4.646406651820039,14.868686868686869,0.19696969696969696,14.714643043489655,6,33.0,,6.6,,0.0,0.0,0.0,1.0,0.0,True
68b546b2f4102641d6774c1ce4f57457,3.377434871260928,15.17878787878788,0.10227272727272728,11.611733760294426,0,22.0,,4.4,,0.0,0.0,0.0,1.0,0.0,True
6a464f9c764040d89517cb5ed9257953,4.319593342322696,13.419379844961245,0.2,13.4952440180971,5,104.0,111.0,20.8,55.5,0.0,0.0,0.0,1.0,0.0,True
6b0ba48a13c721f5fb766339a42d25f2,3.4234525955810606,10.996704871060176,0.09598853868194843,10.924562148912816,0,244.0,105.0,48.8,52.5,0.0,0.0,0.0,1.0,0.0,True
6b941e22c8f9b2f159cce49fef9febff,4.276020686251118,13.909150326797386,0.07352941176470588,12.424209183417856,4,45.0,6.0,9.0,3.0,0.0,0.0,0.0,1.0,0.0,True
6bc4ee6df691c3bed34c69aa93964ee9,3.7656972813652003,14.097674418604647,0.12209302325581395,12.019757396802673,1,35.0,8.0,7.0,4.0,0.0,0.0,0.0,1.0,0.0,True
6c56118b534a5b446d1fd0eab7dc9b19,5.815339266143349,14.709322033898305,0.13559322033898305,14.624450396843457,2,37.0,22.0,7.4,11.0,0.0,0.0,0.0,1.0,0.0,True
6cb35e276085548f3f095a85aa63af7b,4.078636122189271,15.991071428571427,0.45535714285714285,16.301701104567183,6,27.0,1.0,5.4,0.5,0.0,0.0,0.0,1.0,0.0,True
6ccc2af7009dfea4572de788827ac5a1,4.262365847964019,18.536021505376347,0.1935483870967742,14.91086960754035,3,31.0,,6.2,,0.0,0.0,0.0,1.0,0.0,True
6cdff0516a17236168522e0a270f4671,5.36264765493655,14.019540229885056,0.1206896551724138,14.179220346281165,2,15.0,14.0,3.0,7.0,0.0,0.0,0.0,1.0,0.0,True
6db38fccb3ac1de3981b701eb5a15d84,5.969278564128884,15.40125786163522,0.02830188679245283,14.250737560336313,0,51.0,2.0,10.2,1.0,0.0,0.0,0.0,1.0,0.0,True
6df6c8f8d3c2a93314245a604c02bed1,5.478357952059969,16.985416666666666,0.265625,16.14143204125407,4,12.0,4.0,2.4,2.0,0.0,0.0,0.0,1.0,0.0,True
6eb2e0f41fc9f1fbb70e7751035fdf87,4.155819300996466,14.680000000000001,0.04285714285714286,12.05185357185465,0,35.0,,7.0,,0.0,0.0,0.0,1.0,0.0,True
6f660e81330d77df19d4e3fb14b18730,3.8490273620239606,14.989393939393938,0.13636363636363635,12.578913687474243,4,40.0,4.0,8.0,2.0,0.0,0.0,0.0,1.0,0.0,True
6f9156b8af78f1e7f4ce971b50cacf29,5.440429595706528,13.826136363636362,0.14772727272727273,14.232294463062987,3,11.0,33.0,2.2,16.5,0.0,0.0,0.0,1.0,0.0,True
7062cc9432dba19f5b474be707a73525,5.150624196435934,16.538149847094793,0.1720183486238532,14.845051813498623,3,316.0,120.0,63.2,60.0,0.0,0.0,0.0,1.0,0.0,True
706466935b9e1d04e4e116be7ce90ea9,3.840466412990242,12.791228070175437,0.07894736842105263,11.692693271688078,0,3.0,16.0,0.6,8.0,0.0,0.0,0.0,1.0,0.0,True
7473815d8eb56f765461525f1bf48c93,4.302849301257129,13.424999999999997,0.0,11.67704907779743,4,27.0,7.0,5.4,3.5,0.0,0.0,0.0,1.0,0.0,True
7481015e6b377191f3b1531bc74e6908,3.1777090709177327,12.272522522522522,0.12837837837837837,11.061947964898504,2,17.0,20.0,3.4,10.0,0.0,0.0,0.0,1.0,0.0,True
7553628edc729ab03cedd3ded8de8736,6.19526362594174,15.899425287356319,0.3448275862068966,17.35668499223157,5,20.0,9.0,4.0,4.5,0.0,0.0,0.0,1.0,0.0,True
764289a2931fb70d1d27d5603d49edd2,3.8318527491755834,14.859829059829059,0.038461538461538464,11.73391331234564,3,30.0,9.0,6.0,4.5,0.0,0.0,0.0,1.0,0.0,True
7767360462c03c38f487f16f57b02e02,3.955784090476833,13.714492753623189,0.10869565217391304,12.882987151664711,4,20.0,3.0,4.0,1.5,0.0,0.0,0.0,1.0,0.0,True
787fafc34f07b372b60981ccdc4018eb,4.6180477245761455,12.369634703196347,0.2054794520547945,13.74648860912545,5,40.0,33.0,8.0,16.5,0.0,0.0,0.0,1.0,0.0,True
7a1fd3df8aa8197bdb3be8c5d4ffa92d,3.250736095936572,12.650438596491227,0.21052631578947367,11.766153435842574,5,34.0,4.0,6.8,2.0,0.0,0.0,0.0,1.0,0.0,True
7abb74e551c262a945929b92e0551b04,3.8551435941535064,14.913126843657821,0.12831858407079647,12.686490112763591,5,169.0,57.0,33.8,28.5,0.0,0.0,0.0,1.0,0.0,True
7aee4951b59fcd1edda02bbecaa2a717,4.387533056947426,12.410416666666666,0.1125,12.351685788868007,4,31.0,9.0,6.2,4.5,0.0,0.0,0.0,1.0,0.0,True
7b625f643d0775f0ac4898e33235377b,2.0494893157294727,9.511111111111111,0.0,8.563768982475674,1,2.0,1.0,0.4,0.5,0.0,0.0,0.0,1.0,0.0,True
7b8eaf284addb604039c7e22d23c903f,4.633016269662588,11.950134408602146,0.12399193548387097,13.071873773443317,1,208.0,40.0,41.6,20.0,0.0,0.0,0.0,1.0,0.0,True
7c1478b12207107ae4296e656a49d6f6,4.658419828203294,14.124702380952382,0.06696428571428571,12.77095538137633,0,56.0,,11.2,,0.0,0.0,0.0,1.0,0.0,True
7c4bcea05c14431c65ef1d9cfa20ecb1,6.030489771062299,14.535542168674704,0.02108433734939759,14.414524854668015,0,71.0,12.0,14.2,6.0,0.0,0.0,0.0,1.0,0.0,True
7c64b8d49dd5fbe34f44a9b4bae0e7b4,3.9756460834617324,12.204263565891477,0.20155038759689922,12.878592198903366,0,137.0,121.0,27.4,60.5,0.0,0.0,0.0,1.0,0.0,True
7c8d33cc16246462e046ed084f7428a4,5.3292944011659396,15.23131510416666,0.185546875,14.976186976135544,3,190.0,66.0,38.0,33.0,0.0,0.0,0.0,1.0,0.0,True
7da41cde0e0d0503549eeb7ca5609a9f,5.300248472000441,13.83333333333333,0.09615384615384616,13.92819779978515,4,19.0,20.0,3.8,10.0,0.0,0.0,0.0,1.0,0.0,True
7ee801015b6ba9dc0aa2687cb28b8361,5.359140121689335,16.459215686274508,0.18088235294117647,15.415197751484273,3,131.0,39.0,26.2,19.5,0.0,0.0,0.0,1.0,0.0,True
7f4350f4a358ac264ccf3b10c4966afc,3.00936972524899,12.097685185185187,0.013888888888888888,10.01134869003906,0,36.0,,7.2,,0.0,0.0,0.0,1.0,0.0,True
7f47fd2db9cfdc30fe46068ad017152b,4.566985718298753,15.095035460992905,0.21808510638297873,14.845933104711035,1,39.0,8.0,7.8,4.0,0.0,0.0,0.0,1.0,0.0,True
7fc97bb967d4380b38e8490aceb85224,3.6408883364537337,14.246869488536166,0.15873015873015872,12.610680477979498,4,258.0,120.0,51.6,60.0,0.0,0.0,0.0,1.0,0.0,True
8046a7b32ff00f418c1bb410a67adf68,3.840909913443617,14.221662669864124,0.1774580335731415,12.847736503632925,5,380.0,37.0,76.0,18.5,0.0,0.0,0.0,1.0,0.0,True
80597153cf2bec000612ba2e45a72d91,3.9775019442014212,15.452148148148146,0.11333333333333333,12.73311993479193,0,219.0,6.0,43.8,3.0,0.0,0.0,0.0,1.0,0.0,True
80cb80668a3c444e3e8962d1c861b9d0,7.130783549651431,13.410852713178297,0.05813953488372093,15.575180247528854,2,28.0,15.0,5.6,7.5,0.0,0.0,0.0,1.0,0.0,True
8224c23bca05c2adb3fdf40752eb1b3c,5.179173398128573,14.95429799426934,0.1497134670487106,14.47724836720744,0,237.0,112.0,47.4,56.0,0.0,0.0,0.0,1.0,0.0,True
838495eb3f025e512228480eae127522,2.7830025840580372,11.412411347517732,0.0851063829787234,10.275917499727123,1,27.0,20.0,5.4,10.0,0.0,0.0,0.0,1.0,0.0,True
83a0efd007f4db8f0b7db5753d80fd87,3.3085944749330576,12.88787878787879,0.06818181818181818,10.92379627776814,2,29.0,4.0,5.8,2.0,0.0,0.0,0.0,1.0,0.0,True
83ae2db3b59285394e07063a7d0d0512,5.808311603095067,15.09857142857143,0.17142857142857143,15.570159149495518,3,32.0,3.0,6.4,1.5,0.0,0.0,0.0,1.0,0.0,True
849726bb431c44a984e5f0f60923a0ff,5.192258230452675,13.124074074074073,0.09259259259259259,13.262073401934556,4,52.0,2.0,10.4,1.0,0.0,0.0,0.0,1.0,0.0,True
84e1a98ccf46774bc4f5c6374079dc07,2.819397812015922,11.995238095238095,0.16071428571428573,10.79950462891949,0,28.0,14.0,5.6,7.0,0.0,0.0,0.0,1.0,0.0,True
8506914d35a1146dd602b68a93b5be5a,5.458816267713535,12.005660377358494,0.13679245283018868,14.136517701622527,1,8.0,45.0,1.6,22.5,0.0,0.0,0.0,1.0,0.0,True
85bfeb44e07b0d4e86c637353080289d,3.927020799017993,14.258757062146891,0.3601694915254237,14.82533265451916,3,286.0,127.0,57.2,63.5,0.0,0.0,0.0,1.0,0.0,True
881527a718b502bacbd04b6f45fcc2fc,4.515490331916154,12.225378787878789,0.1534090909090909,12.967144753898596,4,37.0,7.0,7.4,3.5,0.0,0.0,0.0,1.0,0.0,True
8902cda459f8ac02c38efb2815cf4026,3.9586338106884362,15.371130952380954,0.14285714285714285,13.04817387710236,1,56.0,,11.2,,0.0,0.0,0.0,1.0,0.0,True
895c14bfd7d1e2c26aee6938703f32f8,3.6641430711312606,14.979999999999999,0.14166666666666666,12.695330098640609,0,30.0,,6.0,,0.0,0.0,0.0,1.0,0.0,True
8969d175c4676642b245af55d2dba19b,4.481179052265802,10.498850574712645,0.1724137931034483,12.539757982005773,5,23.0,6.0,4.6,3.0,0.0,0.0,0.0,1.0,0.0,True
89dab1d9f815cea34ce3612a6b7c0d51,5.251443638118903,17.426724137931032,0.125,14.869358024267589,2,58.0,,11.6,,0.0,0.0,0.0,1.0,0.0,True
8a64fa582ad5ac3bce95a38756b1875c,4.796108134079896,15.22769567597151,0.2376847290640394,14.894997111601413,3,387.0,222.0,77.4,111.0,0.0,0.0,0.0,1.0,0.0,True
8b0662c4244f85c5dd7ab46810ca6b04,4.952392132510244,14.550854700854703,0.22435897435897437,15.683918434101257,4,32.0,7.0,6.4,3.5,0.0,0.0,0.0,1.0,0.0,True
8b688ef44a5b17bd7150350d059e67ea,7.229794131305439,14.960215053763442,0.020161290322580645,15.509085122802189,0,54.0,8.0,10.8,4.0,0.0,0.0,0.0,1.0,0.0,True
8c0d55bf42d242ac86f43c4031d6371f,3.1297949143667645,14.71111111111111,0.15625,11.805295395100947,2,20.0,4.0,4.0,2.0,0.0,0.0,0.0,1.0,0.0,True
8c40d50720fcc5990329f7312d1ad327,8.170727717571243,16.188759689922485,0.023255813953488372,17.19309950817458,1,20.0,23.0,4.0,11.5,0.0,0.0,0.0,1.0,0.0,True
8d5a99f2032a336a57222948915edf09,3.6933475171664156,14.268333333333334,0.09583333333333334,12.097827251600652,1,57.0,3.0,11.4,1.5,0.0,0.0,0.0,1.0,0.0,True
8da0796b60fa75a5ced6d1c3bf1f3064,3.7199680259855388,14.446551724137938,0.1976127320954907,12.955659800979792,1,303.0,74.0,60.6,37.0,0.0,0.0,0.0,1.0,0.0,True
8dfea9e24286290d2f59f5b51f00b6c2,6.185853780588031,15.127777777777778,0.027777777777777776,14.455792568897635,0,27.0,9.0,5.4,4.5,0.0,0.0,0.0,1.0,0.0,True
8eb2f1fd0858319b86b9e44b64660eb6,7.854956598916871,18.24787878787879,0.01818181818181818,16.90428714755827,0,47.0,8.0,9.4,4.0,0.0,0.0,0.0,1.0,0.0,True
905f8007cd46415eba8b9dce088b4395,4.960691722502745,12.557657657657655,0.10810810810810811,13.04683192775811,0,8.0,29.0,1.6,14.5,0.0,0.0,0.0,1.0,0.0,True
90a155db6f98de56ed6baaeccb5aafdd,4.033058778836856,16.955263157894738,0.19078947368421054,13.445793619341988,1,32.0,6.0,6.4,3.0,0.0,0.0,0.0,1.0,0.0,True
91278ab4c7170ed070a5cd653cab3d26,4.062664663365943,12.690833333333329,0.0625,11.688092266165594,5,8.0,32.0,1.6,16.0,0.0,0.0,0.0,1.0,0.0,True
915b7e1b8cdd0e1bf9826e8ae91706b4,8.480340880685372,17.27301587301587,0.07738095238095238,18.20194761260903,5,23.0,19.0,4.6,9.5,0.0,0.0,0.0,1.0,0.0,True
93587c4ead63454c615f4651e2841ba2,3.6351852599298375,14.19356884057969,0.13179347826086957,12.14836695624185,0,319.0,49.0,63.8,24.5,0.0,0.0,0.0,1.0,0.0,True
94699541835b03d2a18e265299c11213,6.536375439772158,17.13049645390071,0.07446808510638298,15.468986203814406,3,32.0,15.0,6.4,7.5,0.0,0.0,0.0,1.0,0.0,True
9494350df132e6748afca3bc5d138dcc,9.276450528911159,18.412403100775194,0.06976744186046512,19.10351481429845,5,33.0,10.0,6.6,5.0,0.0,0.0,0.0,1.0,0.0,True
962f9787bc5b8dd06dbc2147c39ae15b,3.5803589518961085,13.689598540145976,0.17883211678832117,12.428065877873587,4,150.0,124.0,30.0,62.0,0.0,0.0,0.0,1.0,0.0,True
96d7ab03f9156154f6f2144263a85579,3.651724410213584,15.269615384615383,0.1423076923076923,12.893418919213715,1,225.0,35.0,45.0,17.5,0.0,0.0,0.0,1.0,0.0,True
97332a03726c052b1283fdd36dbdeca4,2.600968432588974,13.185784313725486,0.1323529411764706,10.555592000803541,2,34.0,,6.8,,0.0,0.0,0.0,1.0,0.0,True
9760cb1c8a14d3fcf527631acabee35c,3.498485511280788,14.1951282051282,0.23333333333333334,13.125695245420586,4,164.0,31.0,32.8,15.5,0.0,0.0,0.0,1.0,0.0,True
9835cfed2c02bee16b5f0eeac3b4926a,4.504139009999783,14.716363636363639,0.10454545454545454,13.19935995359826,0,45.0,10.0,9.0,5.0,0.0,0.0,0.0,1.0,0.0,True
987c2e7dfc9a93697b8dfd030487ff01,3.294527163201764,13.767023445463817,0.4327217125382263,14.171977036971066,1,251.0,76.0,50.2,38.0,0.0,0.0,0.0,1.0,0.0,True
987f45c1c19d83fcf3295828771c10f7,3.452665381540226,12.998684210526314,0.23684210526315788,12.639065706798613,1,27.0,11.0,5.4,5.5,0.0,0.0,0.0,1.0,0.0,True
98a7f586f974550506502f52e47700f5,6.597120961731634,16.05308641975309,0.08333333333333333,15.743739445895232,2,30.0,24.0,6.0,12.0,0.0,0.0,0.0,1.0,0.0,True
9a2b695c70ad62abcb4323d7e9a4b6cb,4.426476504871128,14.369148936170212,0.07446808510638298,12.52127665053111,1,36.0,11.0,7.2,5.5,0.0,0.0,0.0,1.0,0.0,True
9ac5116c46dc8515c0aec6f7153c6440,3.7599267178900018,13.372286821705421,0.2916666666666667,13.827447597195167,1,198.0,60.0,39.6,30.0,0.0,0.0,0.0,1.0,0.0,True
9b665130b27de44f369a44b2cb752670,4.078887629576605,11.874537037037037,0.2777777777777778,14.525218982461865,5,22.0,14.0,4.4,7.0,0.0,0.0,0.0,1.0,0.0,True
9b7b9829183e266882d4815d95357a1a,3.880098377648447,11.760144927536233,0.20108695652173914,12.54594114782713,5,34.0,12.0,6.8,6.0,0.0,0.0,0.0,1.0,0.0,True
9c0158ebe58592fdb3d18fb9c4623db7,4.907618966515014,12.617227833894502,0.14898989898989898,13.51149124503472,1,207.0,90.0,41.4,45.0,0.0,0.0,0.0,1.0,0.0,True
9da29e218f6be3ea257d35f98eee1088,4.006474480058133,13.578121775025798,0.21981424148606812,13.417002279458863,1,281.0,42.0,56.2,21.0,0.0,0.0,0.0,1.0,0.0,True
9dc512e71a0f206687f60b8bfc405050,3.5002696322442457,12.612068965517242,0.1206896551724138,11.724590785673737,3,21.0,8.0,4.2,4.0,0.0,0.0,0.0,1.0,0.0,True
9e003a96a6aa5a9207530767c2a8b310,5.027611405641056,15.047135416666672,0.19921875,14.436497025534937,6,59.0,5.0,11.8,2.5,0.0,0.0,0.0,1.0,0.0,True
9fa4b644d8b6ea510119808c37f22223,3.474165998772297,11.878205128205128,0.04487179487179487,10.679498154878074,0,37.0,2.0,7.4,1.0,0.0,0.0,0.0,1.0,0.0,True
a0b52413e2eedcc5ca6f31d53ab1a96c,3.3097109223597605,12.084552845528451,0.10365853658536585,11.058772286735707,0,16.0,25.0,3.2,12.5,0.0,0.0,0.0,1.0,0.0,True
a21d85d9c18b9589f82a618f0531ecac,2.651673318727721,10.647474747474746,0.32575757575757575,11.542701240136388,0,32.0,1.0,6.4,0.5,0.0,0.0,0.0,1.0,0.0,True
a2334fdb829cf96fbae920df0cce1587,3.036541597073093,13.609333333333332,0.22,11.620062826393859,1,14.0,11.0,2.8,5.5,0.0,0.0,0.0,1.0,0.0,True
a3e28ae11607ad68dedbc2baff2210e2,3.0292059887498386,12.620689655172411,0.28448275862068967,12.9859499456793,3,20.0,9.0,4.0,4.5,0.0,0.0,0.0,1.0,0.0,True
a3e6503d6fd14f55f5a7a7e993c06c0b,3.757689402400618,15.794503546099289,0.2296099290780142,13.85536341601924,4,204.0,78.0,40.8,39.0,0.0,0.0,0.0,1.0,0.0,True
a4401d3bb25a651812f6781fcce5df77,3.9571423501444234,13.898425787106458,0.21026986506746626,13.34290035592441,2,486.0,181.0,97.2,90.5,0.0,0.0,0.0,1.0,0.0,True
a7638b7beea5715330ac956372522b07,3.6455051218830747,11.531196581196582,0.05128205128205128,10.86878029920648,0,31.0,8.0,6.2,4.0,0.0,0.0,0.0,1.0,0.0,True
a7fa04a6b4111cac92989ac266ec40d2,5.044270626209603,11.994999999999997,0.07916666666666666,12.99134698908375,6,48.0,12.0,9.6,6.0,0.0,0.0,0.0,1.0,0.0,True
a854b4bcf206030120913620bc664396,3.3909666821126967,13.91922705314011,0.16594202898550725,12.103220359585519,1,269.0,76.0,53.8,38.0,0.0,0.0,0.0,1.0,0.0,True
a909251d04212c2b8d369aa619c13ddf,4.739111091227232,13.847666666666663,0.12,13.46189752127575,1,37.0,13.0,7.4,6.5,0.0,0.0,0.0,1.0,0.0,True
ac3c378542ada7cfedc24720ef9e3273,3.5192349022136264,15.256028368794327,0.1595744680851064,12.6050579508754,3,39.0,8.0,7.8,4.0,0.0,0.0,0.0,1.0,0.0,True
ac51126328b559dd3872766d2455bba0,3.976449147150135,16.009604519774012,0.1228813559322034,13.597331745192824,2,55.0,4.0,11.0,2.0,0.0,0.0,0.0,1.0,0.0,True
ac986e2a577103efe48b23cd17a4b6ed,4.024177375555327,14.94126984126984,0.15476190476190477,12.905742035204877,2,25.0,17.0,5.0,8.5,0.0,0.0,0.0,1.0,0.0,True
acd7dc6118befb6724aa3752d1cdbea1,6.963058950017612,15.002142857142859,0.23214285714285715,18.46339575500506,3,23.0,47.0,4.6,23.5,0.0,0.0,0.0,1.0,0.0,True
ad6a8aef632e7684c3b1e1e9dc0f7d23,5.440523538189152,13.620652173913049,0.33152173913043476,18.026929520999538,6,21.0,25.0,4.2,12.5,0.0,0.0,0.0,1.0,0.0,True
add2977c3e55ba8475f60054a75a8b14,5.778406881589295,14.687777777777773,0.3333333333333333,17.57287377946128,5,23.0,22.0,4.6,11.0,0.0,0.0,0.0,1.0,0.0,True
aeda204ee39ccc79f22fe31ed73882ad,2.81490709640316,11.977350427350428,0.1858974358974359,11.285372141182673,4,18.0,21.0,3.6,10.5,0.0,0.0,0.0,1.0,0.0,True
af4bae4a0b7a75194dbd4951c78bb98a,5.124448222381294,12.994871794871795,0.2692307692307692,16.14631980761201,6,12.0,14.0,2.4,7.0,0.0,0.0,0.0,1.0,0.0,True
af74473d8f38c0c3e8cba5b72f747281,5.397375162385004,13.767222222222227,0.09583333333333334,13.902795844435163,1,38.0,22.0,7.6,11.0,0.0,0.0,0.0,1.0,0.0,True
afc352444f34fc17d988c3fdf916756b,3.424243489450182,14.64404761904762,0.19642857142857142,12.891003412333877,6,26.0,16.0,5.2,8.0,0.0,0.0,0.0,1.0,0.0,True
b14d2355eb3b7daf6b07c44a31fb23d4,3.3309224131074524,13.533333333333335,0.10625,11.394699811724532,3,23.0,17.0,4.6,8.5,0.0,0.0,0.0,1.0,0.0,True
b1adb42b262bed41aeab28e9f6e93633,3.91182152556613,15.786848635235742,0.16439205955334987,13.326763514937532,3,299.0,104.0,59.8,52.0,0.0,0.0,0.0,1.0,0.0,True
b2d3f2fb171a12cac427107690c10089,7.215321760051736,16.129710144927536,0.22826086956521738,17.705488460002282,4,44.0,2.0,8.8,1.0,0.0,0.0,0.0,1.0,0.0,True
b572ff3bea0c3095a3a5d24db765dd42,3.0636706633261745,11.14126984126984,0.2619047619047619,11.560317391434024,4,42.0,,8.4,,0.0,0.0,0.0,1.0,0.0,True
b7fbf53260861a5a9022b709abe4d584,3.717127434963485,13.682312925170072,0.17857142857142858,12.57769412022056,2,320.0,170.0,64.0,85.0,0.0,0.0,0.0,1.0,0.0,True
b8df3a1ffca045016321353536ac86cf,3.07575381394279,12.525675675675677,0.10810810810810811,11.226258015083802,0,28.0,9.0,5.6,4.5,0.0,0.0,0.0,1.0,0.0,True
b972617c1e490250b2dbcd3353fd436b,4.282157379475293,14.412499999999998,0.044642857142857144,12.11263912234692,1,26.0,2.0,5.2,1.0,0.0,0.0,0.0,1.0,0.0,True
b9912d7f760895a9a5f9e046a70e7d8e,6.8887658197339645,16.68181818181818,0.07575757575757576,16.13053187814978,3,23.0,10.0,4.6,5.0,0.0,0.0,0.0,1.0,0.0,True
b9926f42a5fd6cc0c455fe59a21961ab,6.977943661955358,17.099509803921563,0.10375816993464053,16.758435492605546,2,250.0,56.0,50.0,28.0,0.0,0.0,0.0,1.0,0.0,True
ba5185bc3765e91878ea56a67f156acb,5.060873420791205,15.84967320261438,0.1568627450980392,14.83385582731164,3,33.0,18.0,6.6,9.0,0.0,0.0,0.0,1.0,0.0,True
bb2984ebd891be82156fff038a85aafa,4.370980824923622,12.984313725490198,0.15441176470588236,12.761022180612281,2,28.0,6.0,5.6,3.0,0.0,0.0,0.0,1.0,0.0,True
bb2993a27d213c0eefab695ef0214fa9,5.653521893679376,12.680769230769231,0.16346153846153846,14.893838770044479,3,11.0,41.0,2.2,20.5,0.0,0.0,0.0,1.0,0.0,True
bd057e02f75c92917389d90bb215fe91,2.79607831007656,11.32901234567901,0.009259259259259259,9.579472552975805,0,27.0,,5.4,,0.0,0.0,0.0,1.0,0.0,True
bd26a8a5910f6c87aed2fcce32782fae,3.1318467338244647,11.0875,0.1484375,11.014749755179748,1,13.0,19.0,2.6,9.5,0.0,0.0,0.0,1.0,0.0,True
bd2cf0eb59f96babbb13b724d8d77b12,3.943997149241025,14.118580246913568,0.25462962962962965,13.78041996507986,0,143.0,127.0,28.6,63.5,0.0,0.0,0.0,1.0,0.0,True
bd5cea890904311cd874773b13255406,3.5866580834592647,15.68833333333333,0.2916666666666667,13.863430658288925,4,7.0,23.0,1.4,11.5,0.0,0.0,0.0,1.0,0.0,True
bdca40c895def7985563060c5dcbd0ca,6.5478580698477,15.69837398373984,0.21341463414634146,17.408381747363688,6,22.0,19.0,4.4,9.5,0.0,0.0,0.0,1.0,0.0,True
bde37c58877c64b6ce4b309dc2154bad,3.9602402524810665,14.9375,0.1388888888888889,12.569602150386189,3,20.0,16.0,4.0,8.0,0.0,0.0,0.0,1.0,0.0,True
be22fe5992cb9557d7748113ea1f6057,6.736230268175035,15.796568627450979,0.16911764705882354,16.56107460167913,4,8.0,26.0,1.6,13.0,0.0,0.0,0.0,1.0,0.0,True
be34f66b259b110d8908297419741202,5.028697311546722,13.252884615384612,0.0673076923076923,12.932197483762137,0,49.0,3.0,9.8,1.5,0.0,0.0,0.0,1.0,0.0,True
bf0a8a6ddc179a9466082343c5862904,3.462553309882408,15.05782828282828,0.0946969696969697,11.807015825985337,0,22.0,44.0,4.4,22.0,0.0,0.0,0.0,1.0,0.0,True
bf2693c5774a77e478e418119be97c5c,5.735785420551388,13.418518518518518,0.05555555555555555,13.66036197882146,6,14.0,13.0,2.8,6.5,0.0,0.0,0.0,1.0,0.0,True
c56b62b863a81370827e04d2c0a669a8,5.39459510164344,16.73981481481481,0.17592592592592593,15.665387822339753,1,45.0,9.0,9.0,4.5,0.0,0.0,0.0,1.0,0.0,True
c7de222dc1b99eddaa9a665687b94dc3,4.597806826998254,14.717610062893081,0.12264150943396226,13.38519045303728,2,53.0,,10.6,,0.0,0.0,0.0,1.0,0.0,True
c7fa83cac784c0f6225cfe30bb96572b,3.447291597558067,13.538617886178862,0.2804878048780488,13.418698860665906,6,28.0,13.0,5.6,6.5,0.0,0.0,0.0,1.0,0.0,True
c8b0c99b2c6537769427fe4eec396e55,4.238005151953407,12.759438775510207,0.15943877551020408,12.85738681919021,2,142.0,54.0,28.4,27.0,0.0,0.0,0.0,1.0,0.0,True
c97fa24cacdc7b092c81d9556d4a3aab,5.035517327968544,14.785953177257507,0.1354515050167224,13.982280517023064,1,194.0,105.0,38.8,52.5,0.0,0.0,0.0,1.0,0.0,True
c9b9fc54bf7c8edcbe35b1091f38cf0f,8.252527223771795,19.55287356321839,0.1896551724137931,19.773943478705053,3,56.0,2.0,11.2,1.0,0.0,0.0,0.0,1.0,0.0,True
cacd66f64a54dca26e17f19a6344c369,8.118037091954413,16.56738095238095,0.09642857142857143,17.790751029168224,2,33.0,37.0,6.6,18.5,0.0,0.0,0.0,1.0,0.0,True
cb5ecf234f7492c867bfa875a2c677b5,3.3724045165974292,13.533333333333331,0.0641025641025641,11.477914732704594,0,39.0,,7.8,,0.0,0.0,0.0,1.0,0.0,True
cc2186bc2bd14948eb9b490d14fcd686,3.5362694825183882,15.262962962962956,0.14814814814814814,12.415526778244683,5,33.0,21.0,6.6,10.5,0.0,0.0,0.0,1.0,0.0,True
ccf0631bc6ad481b3d7becb69564f61b,5.363054760200429,17.265238095238093,0.32857142857142857,17.48739425774903,5,21.0,14.0,4.2,7.0,0.0,0.0,0.0,1.0,0.0,True
cdab4b0c1ece5d2bc1d671ef6bf21382,2.9966291500494258,11.597619047619045,0.15178571428571427,11.339744590431167,4,9.0,19.0,1.8,9.5,0.0,0.0,0.0,1.0,0.0,True
ce577ac73e9022772835abf8d37e91d5,3.5978212709474784,8.963207547169809,0.10377358490566038,10.78502733484563,2,37.0,16.0,7.4,8.0,0.0,0.0,0.0,1.0,0.0,True
ce5b4b1624afd0dd514e8997a2a1ff1d,6.918487163994528,17.279032258064515,0.08064516129032258,16.248233630196427,1,29.0,2.0,5.8,1.0,0.0,0.0,0.0,1.0,0.0,True
cfa9233eafdbccac8d2a864b0df390d4,5.2921494030417895,17.099382716049387,0.037037037037037035,14.14287800541136,1,21.0,6.0,4.2,3.0,0.0,0.0,0.0,1.0,0.0,True
d1576672b9ddf17e405ad295e66048ba,2.6846449493578186,13.309195402298851,0.2413793103448276,11.943305451850847,0,29.0,,5.8,,0.0,0.0,0.0,1.0,0.0,True
d1b2185245eeac47821e98471c915947,5.245826636593239,12.06383647798742,0.09433962264150944,13.80734251330719,3,30.0,23.0,6.0,11.5,0.0,0.0,0.0,1.0,0.0,True
d2fe91351bb890ca8ea9b76201b05964,4.511920731763709,15.654651162790698,0.21511627906976744,15.698672229990809,6,38.0,5.0,7.6,2.5,0.0,0.0,0.0,1.0,0.0,True
d787d7b7e3798edd7498b9cbd9b59206,3.9680359094194246,11.948188405797099,0.10326086956521739,11.651825202069913,6,30.0,16.0,6.0,8.0,0.0,0.0,0.0,1.0,0.0,True
d7ae05b007ca320a0d1fb128ccced638,4.021967439321031,15.606180555555557,0.21458333333333332,13.625371030856881,1,174.0,66.0,34.8,33.0,0.0,0.0,0.0,1.0,0.0,True
d7e035984d4fba2d14bc37f1992a061f,4.985006153805368,11.795299145299145,0.15384615384615385,14.013341454559221,2,27.0,12.0,5.4,6.0,0.0,0.0,0.0,1.0,0.0,True
d876df0212e45f5a630b89f5a04532fa,2.5977228172656868,12.701234567901233,0.06481481481481481,10.109345307754563,4,23.0,4.0,4.6,2.0,0.0,0.0,0.0,1.0,0.0,True
d952de85df73349f0280fbb2345148ae,4.369197428683157,14.182638888888887,0.19791666666666666,13.578661361244087,3,34.0,14.0,6.8,7.0,0.0,0.0,0.0,1.0,0.0,True
da3325f424c71942ca8a3401615a0e6c,3.2984359974114805,12.779545454545454,0.056818181818181816,10.789529623137241,1,16.0,6.0,3.2,3.0,0.0,0.0,0.0,1.0,0.0,True
da436a25d31e42fa12c800bacf3d8032,2.940676449534717,12.663,0.215,11.475349184015347,4,40.0,10.0,8.0,5.0,0.0,0.0,0.0,1.0,0.0,True
da8f13b0ebc53fe1147d982f087b5806,5.317217796903295,16.098062015503874,0.10465116279069768,14.906193820125356,1,33.0,10.0,6.6,5.0,0.0,0.0,0.0,1.0,0.0,True
daddf0bdb8874309dd07bd9d91396166,3.53629249626625,10.409876543209876,0.19444444444444445,11.989251514856939,3,4.0,23.0,0.8,11.5,0.0,0.0,0.0,1.0,0.0,True
dc5fe88ac0b99e77e8630795cfc16981,4.579291881647736,14.087320788530471,0.19959677419354838,14.145073455315307,0,91.0,281.0,18.2,140.5,0.0,0.0,0.0,1.0,0.0,True
dc9a5809e396367a5a0767ac9226a64f,5.531976346372479,11.12696078431372,0.051470588235294115,13.43041153830746,3,17.0,17.0,3.4,8.5,0.0,0.0,0.0,1.0,0.0,True
dca7c0d776c64df418bf3b63756927c2,3.8829378669946832,12.21264367816092,0.15948275862068967,12.302869783824532,2,5.0,53.0,1.0,26.5,0.0,0.0,0.0,1.0,0.0,True
dccfed81fccb496e10c26074253a1330,4.640429535779819,14.299934123847164,0.1956521739130435,14.205515036671994,0,204.0,49.0,40.8,24.5,0.0,0.0,0.0,1.0,0.0,True
ddee9dcc776c7b87e68628ffa0f99dc7,5.455653189916342,14.957575757575757,0.11931818181818182,14.599007914235415,2,35.0,9.0,7.0,4.5,0.0,0.0,0.0,1.0,0.0,True
ddf9fad53fff9a2f2ded181e1144b47f,4.033538728420618,9.847297297297297,0.04054054054054054,10.780358649540736,0,37.0,,7.4,,0.0,0.0,0.0,1.0,0.0,True
de0746635475c2be3d26489184659460,5.241823097935644,15.875057471264373,0.15,14.766461179461944,3,214.0,76.0,42.8,38.0,0.0,0.0,0.0,1.0,0.0,True
ded0963ff2f6582b382b72de6f123a08,3.54893498173873,13.39621212121212,0.15775401069518716,12.164585272935222,0,265.0,109.0,53.0,54.5,0.0,0.0,0.0,1.0,0.0,True
df11122e91571fcd91143da33fd3542a,4.037142783116297,17.08737373737374,0.25,14.739892696274968,4,17.0,16.0,3.4,8.0,0.0,0.0,0.0,1.0,0.0,True
dfe29c1db80f470f4fa8046bc7e5d8a0,4.430505564484542,12.8314465408805,0.1320754716981132,12.784851393897375,1,22.0,31.0,4.4,15.5,0.0,0.0,0.0,1.0,0.0,True
e0493acb44c53e68e3c3aca626cd466b,3.88592833759933,13.795454545454545,0.18181818181818182,13.640634529405093,5,35.0,9.0,7.0,4.5,0.0,0.0,0.0,1.0,0.0,True
e08a1154c61bfa0adb7a029eed7df122,7.401590054987962,15.757196969696963,0.11931818181818182,18.274786409357986,1,39.0,5.0,7.8,2.5,0.0,0.0,0.0,1.0,0.0,True
e121472f6b4dd372dfceb87c7e30cbac,4.519527014864768,17.82412280701754,0.10526315789473684,13.83855070473958,2,21.0,17.0,4.2,8.5,0.0,0.0,0.0,1.0,0.0,True
e1d2df8059744cac678fbdc113e9e697,4.041925813625783,11.745597484276729,0.18867924528301888,13.105269729309134,0,53.0,,10.6,,0.0,0.0,0.0,1.0,0.0,True
e246b5012a29db02ad24ce4b7e332b9b,2.213179200137861,12.338888888888887,0.13333333333333333,10.025210755272544,0,25.0,5.0,5.0,2.5,0.0,0.0,0.0,1.0,0.0,True
e33e7bd3f983ccbc3014e3689b1062f7,3.496611041517538,12.045833333333333,0.13636363636363635,11.502873779739957,3,40.0,4.0,8.0,2.0,0.0,0.0,0.0,1.0,0.0,True
e35d490b495edf857a448653e036bd44,3.304835788407465,14.281862745098035,0.16911764705882354,12.343189848490695,0,19.0,15.0,3.8,7.5,0.0,0.0,0.0,1.0,0.0,True
e4f3a9d5cf57b9b518136afd9757f76d,2.2369362920544025,10.958854166666667,0.0234375,8.915303154965624,0,32.0,,6.4,,0.0,0.0,0.0,1.0,0.0,True
e610084768b3d8313be3a7dd22e5e5e7,4.681189630336613,13.070740740740739,0.005555555555555556,12.046703368384192,1,37.0,8.0,7.4,4.0,0.0,0.0,0.0,1.0,0.0,True
e72a4e847306ddfd0540d630c79b33e4,3.331460934807391,12.939999999999996,0.35833333333333334,13.490664375298257,5,23.0,7.0,4.6,3.5,0.0,0.0,0.0,1.0,0.0,True
ea1f8d9a6f34043a8e8a3f78dbda7f9a,2.9756713219043234,14.424891774891782,0.17965367965367965,11.849487666282158,1,164.0,67.0,32.8,33.5,0.0,0.0,0.0,1.0,0.0,True
ed0c7d2a0d5f60d527c0c3643495ddca,7.0549949501806,14.111494252873564,0.05172413793103448,15.791996587000884,4,28.0,30.0,5.6,15.0,0.0,0.0,0.0,1.0,0.0,True
ed1aeb39f5da7d42d10a92653319b951,3.2106729653369763,13.084393939393939,0.18636363636363637,12.18996027640624,1,160.0,60.0,32.0,30.0,0.0,0.0,0.0,1.0,0.0,True
edca8abe7dd3a699bde27f9241e73dda,4.340116681542752,14.66111111111111,0.1388888888888889,12.918886604912496,4,25.0,2.0,5.0,1.0,0.0,0.0,0.0,1.0,0.0,True
f06398053a230bf914041eb897dc8d62,4.117535226927803,15.382312925170062,0.14795918367346939,13.128756431470824,1,34.0,15.0,6.8,7.5,0.0,0.0,0.0,1.0,0.0,True
f129b4923a3e5d5f676a592a8e4b7efd,3.4722084139735045,12.915185185185184,0.2222222222222222,12.426695731152288,2,38.0,7.0,7.6,3.5,0.0,0.0,0.0,1.0,0.0,True
f1a2419d56c2a09edf4030caeebeb5b6,4.497601196512368,16.847916666666666,0.0390625,12.87536784817292,5,32.0,,6.4,,0.0,0.0,0.0,1.0,0.0,True
f1b4411717c78f67380366c2a16a4d1e,4.915243150731434,13.428048780487805,0.024390243902439025,12.53826132859709,0,41.0,,8.2,,0.0,0.0,0.0,1.0,0.0,True
f395649fb47860aebc4817c7a6ea90e6,3.137369252924623,14.535106382978725,0.22872340425531915,12.889371178117665,2,42.0,5.0,8.4,2.5,0.0,0.0,0.0,1.0,0.0,True
f467b8de5a37d9a818c0cbb557089c55,9.310775930634062,21.659195402298852,0.1896551724137931,22.873741184156934,5,24.0,5.0,4.8,2.5,0.0,0.0,0.0,1.0,0.0,True
f54b6feed73d306d44d8fba250bafea8,3.5044793007890522,13.310259433962267,0.18278301886792453,12.297878320132824,0,272.0,152.0,54.4,76.0,0.0,0.0,0.0,1.0,0.0,True
f696de645de36b56677457d2d3136524,4.663283664777011,15.448850574712647,0.21551724137931033,14.609569859948934,3,19.0,10.0,3.8,5.0,0.0,0.0,0.0,1.0,0.0,True
f758703e18f588f2370783f8b779e664,4.304138027467975,13.34408602150538,0.12903225806451613,12.61183286301547,0,31.0,,6.2,,0.0,0.0,0.0,1.0,0.0,True
f91254f1c1b3112ef3464e477d23c9e8,4.4239486228014595,12.670114942528738,0.35344827586206895,14.997402922792956,4,23.0,6.0,4.6,3.0,0.0,0.0,0.0,1.0,0.0,True
fac81ea6cbd540c89c7eee17e851a233,3.209257933667382,11.084666666666669,0.09,10.844556668008828,4,42.0,8.0,8.4,4.0,0.0,0.0,0.0,1.0,0.0,True
faebff3d5429ff2036c125a91df765c8,4.961985546077573,11.933333333333332,0.015625,12.308091000380692,0,35.0,13.0,7.0,6.5,0.0,0.0,0.0,1.0,0.0,True
fb83fc6555a4f700fd92630d9fcb9cea,6.7998140857392855,16.453,0.175,17.30006693316035,4,43.0,7.0,8.6,3.5,0.0,0.0,0.0,1.0,0.0,True
fb903879c556260ae2604ae0c45cb92a,5.509037085804225,15.86636085626911,0.21444954128440366,16.146757471982884,5,176.0,42.0,35.2,21.0,0.0,0.0,0.0,1.0,0.0,True
fba8372d56b91b1bff7b71d970b5af58,5.7905132220602775,16.435542168674697,0.0963855421686747,15.028824332225108,0,72.0,11.0,14.4,5.5,0.0,0.0,0.0,1.0,0.0,True
fbe0433e5b1a3db9dc9d6ed21efc6148,6.652891300849552,16.042248062015503,0.25,17.542456929034437,5,1.0,42.0,0.2,21.0,0.0,0.0,0.0,1.0,0.0,True
fd831ca1d79ae5c6fc3a679a22e5b8cf,2.484274730311821,11.069298245614036,0.21052631578947367,10.46686262280911,5,2.0,17.0,0.4,8.5,0.0,0.0,0.0,1.0,0.0,True
fdbee494c73577d5b1266d1fec5c6c9a,5.0434980987628,12.36524822695035,0.0851063829787234,13.78025177574666,6,35.0,12.0,7.0,6.0,0.0,0.0,0.0,1.0,0.0,True
fde60697758e68d617f471e49f65db75,4.522261865704286,11.408333333333335,0.1796875,13.787743746131968,4,28.0,4.0,5.6,2.0,0.0,0.0,0.0,1.0,0.0,True
fed19d671569afe8a2f9fa0953dd25ca,4.752058583930453,14.430808080808081,0.2196969696969697,14.049351502076357,0,13.0,20.0,2.6,10.0,0.0,0.0,0.0,1.0,0.0,True
ff714a67ba8c6a108261cd81e3b77f3a,3.631837747964263,15.205910652920966,0.17783505154639176,12.96363445892996,0,445.0,40.0,89.0,20.0,0.0,0.0,0.0,1.0,0.0,True
fff482c704d36a1afe8b8978d5486283,3.0960973628296458,13.187142857142856,0.05,10.876031307095134,1,35.0,,7.0,,0.0,0.0,0.0,1.0,0.0,True
